<?xml version = '1.0' encoding = 'UTF-8'?>
<Entity class="oracle.dbtools.crest.model.design.logical.Entity" directorySegmentName="seg_0" id="79407C9E-56E5-889D-45E6-461354058D92" name="InstituciónSalud">
<createdBy>TI WEB</createdBy>
<createdTime>2025-09-16 01:13:59 UTC</createdTime>
<ownerDesignName>Salud</ownerDesignName>
<engineerTo>
<item key="DF2947EB-9A2A-0F65-FFE2-40B44DEFA2BB" value="true"/>
</engineerTo>
<adequatelyNormalized>NO</adequatelyNormalized>
<expectedVolumes>0</expectedVolumes>
<fwdEngineeringStrategyName>Single Table</fwdEngineeringStrategyName>
<growthPercent>0</growthPercent>
<growthType>Year</growthType>
<maxVolumes>9999999</maxVolumes>
<minVolumes>0</minVolumes>
<normalForm>Third</normalForm>
<attributes itemClass="oracle.dbtools.crest.model.design.logical.Attribute">
<Attribute name="idInstitucionSalud" id="BC64CD75-7318-7017-1271-515C8BB78F47">
<createdBy>TI WEB</createdBy>
<createdTime>2025-09-16 01:14:25 UTC</createdTime>
<ownerDesignName>Salud</ownerDesignName>
<engineerTo>
<item key="DF2947EB-9A2A-0F65-FFE2-40B44DEFA2BB" value="true"/>
</engineerTo>
<useDomainConstraints>false</useDomainConstraints>
<use>1</use>
<logicalDatatype>LOGDT024</logicalDatatype>
<dataTypeSize>10 CHAR</dataTypeSize>
<ownDataTypeParameters>10 CHAR,,</ownDataTypeParameters>
</Attribute>
<Attribute name="nombre" id="35B6B7C0-486D-0190-5126-5C746AC6B9ED">
<createdBy>TI WEB</createdBy>
<createdTime>2025-09-16 01:14:54 UTC</createdTime>
<ownerDesignName>Salud</ownerDesignName>
<engineerTo>
<item key="DF2947EB-9A2A-0F65-FFE2-40B44DEFA2BB" value="true"/>
</engineerTo>
<nullsAllowed>true</nullsAllowed>
<useDomainConstraints>false</useDomainConstraints>
<use>1</use>
<logicalDatatype>LOGDT024</logicalDatatype>
<dataTypeSize>30 CHAR</dataTypeSize>
<ownDataTypeParameters>30 CHAR,,</ownDataTypeParameters>
</Attribute>
<Attribute name="tipo" id="C606EE75-5B7C-B284-1C97-D3C211B05D5C">
<createdBy>TI WEB</createdBy>
<createdTime>2025-09-16 01:15:36 UTC</createdTime>
<ownerDesignName>Salud</ownerDesignName>
<engineerTo>
<item key="DF2947EB-9A2A-0F65-FFE2-40B44DEFA2BB" value="true"/>
</engineerTo>
<nullsAllowed>true</nullsAllowed>
<useDomainConstraints>false</useDomainConstraints>
<use>1</use>
<logicalDatatype>LOGDT024</logicalDatatype>
<dataTypeSize>8 CHAR</dataTypeSize>
<ownDataTypeParameters>8 CHAR,,</ownDataTypeParameters>
</Attribute>
<Attribute name="rutMedico" id="7B6818B3-4617-6B96-AF39-F1C0FB1C5095">
<createdBy>TI WEB</createdBy>
<createdTime>2025-09-16 01:26:41 UTC</createdTime>
<generatorID>92AD81CD-A753-500E-EDFD-E0863DF93ED3</generatorID>
<ownerDesignName>Salud</ownerDesignName>
<engineerTo>
<item key="DF2947EB-9A2A-0F65-FFE2-40B44DEFA2BB" value="true"/>
</engineerTo>
<referedAttribute>4A22DD82-6869-AB12-54C9-7B3F98F21B50</referedAttribute>
<useDomainConstraints>false</useDomainConstraints>
<use>1</use>
<logicalDatatype>LOGDT024</logicalDatatype>
<dataTypeSize>10 CHAR</dataTypeSize>
<ownDataTypeParameters>,,</ownDataTypeParameters>
</Attribute>
</attributes>
<identifiers itemClass="oracle.dbtools.crest.model.design.logical.CandidateKey">
<identifier id="C0B86A57-65EF-F6CB-D99B-F6E8290E83C4" name="InstituciónSalud PK">
<createdBy>TI WEB</createdBy>
<createdTime>2025-09-16 01:14:53 UTC</createdTime>
<ownerDesignName>Salud</ownerDesignName>
<shouldEngineer>false</shouldEngineer>
<engineerTo>
<item key="DF2947EB-9A2A-0F65-FFE2-40B44DEFA2BB" value="false"/>
</engineerTo>
<pk>true</pk>
<usedAttributes>
<attributeRef>BC64CD75-7318-7017-1271-515C8BB78F47</attributeRef>
</usedAttributes>
</identifier>
</identifiers>
</Entity>