<?xml version = '1.0' encoding = 'UTF-8'?>
<Entity class="oracle.dbtools.crest.model.design.logical.Entity" directorySegmentName="seg_0" id="8600D51A-E586-EB72-5692-A777D79AD932" name="Medico">
<createdBy>TI WEB</createdBy>
<createdTime>2025-09-16 01:09:03 UTC</createdTime>
<ownerDesignName>Salud</ownerDesignName>
<engineerTo>
<item key="DF2947EB-9A2A-0F65-FFE2-40B44DEFA2BB" value="true"/>
</engineerTo>
<adequatelyNormalized>NO</adequatelyNormalized>
<expectedVolumes>0</expectedVolumes>
<fwdEngineeringStrategyName>Single Table</fwdEngineeringStrategyName>
<growthPercent>0</growthPercent>
<growthType>Year</growthType>
<maxVolumes>9999999</maxVolumes>
<minVolumes>0</minVolumes>
<normalForm>Third</normalForm>
<attributes itemClass="oracle.dbtools.crest.model.design.logical.Attribute">
<Attribute name="rutMedico" id="4A22DD82-6869-AB12-54C9-7B3F98F21B50">
<createdBy>TI WEB</createdBy>
<createdTime>2025-09-16 01:09:12 UTC</createdTime>
<ownerDesignName>Salud</ownerDesignName>
<engineerTo>
<item key="DF2947EB-9A2A-0F65-FFE2-40B44DEFA2BB" value="true"/>
</engineerTo>
<useDomainConstraints>false</useDomainConstraints>
<use>1</use>
<logicalDatatype>LOGDT024</logicalDatatype>
<dataTypeSize>10 CHAR</dataTypeSize>
<ownDataTypeParameters>10 CHAR,,</ownDataTypeParameters>
</Attribute>
<Attribute name="nombreCompleto" id="E25EF404-6A6A-016B-CBFB-EA2484FB6C1A">
<createdBy>TI WEB</createdBy>
<createdTime>2025-09-16 01:09:34 UTC</createdTime>
<ownerDesignName>Salud</ownerDesignName>
<engineerTo>
<item key="DF2947EB-9A2A-0F65-FFE2-40B44DEFA2BB" value="true"/>
</engineerTo>
<nullsAllowed>true</nullsAllowed>
<useDomainConstraints>false</useDomainConstraints>
<use>1</use>
<logicalDatatype>LOGDT024</logicalDatatype>
<dataTypeSize>50 CHAR</dataTypeSize>
<ownDataTypeParameters>50 CHAR,,</ownDataTypeParameters>
</Attribute>
<Attribute name="fechaIngreso" id="FA778F8C-F720-67B5-0292-FEEEBA463F48">
<createdBy>TI WEB</createdBy>
<createdTime>2025-09-16 01:09:53 UTC</createdTime>
<ownerDesignName>Salud</ownerDesignName>
<engineerTo>
<item key="DF2947EB-9A2A-0F65-FFE2-40B44DEFA2BB" value="true"/>
</engineerTo>
<nullsAllowed>true</nullsAllowed>
<useDomainConstraints>false</useDomainConstraints>
<use>1</use>
<logicalDatatype>LOGDT007</logicalDatatype>
<ownDataTypeParameters>,,</ownDataTypeParameters>
</Attribute>
</attributes>
<identifiers itemClass="oracle.dbtools.crest.model.design.logical.CandidateKey">
<identifier id="6A7595A6-E0BF-78A0-F88F-C2FA9B3346CA" name="Medico PK">
<createdBy>TI WEB</createdBy>
<createdTime>2025-09-16 01:09:32 UTC</createdTime>
<ownerDesignName>Salud</ownerDesignName>
<shouldEngineer>false</shouldEngineer>
<engineerTo>
<item key="DF2947EB-9A2A-0F65-FFE2-40B44DEFA2BB" value="false"/>
</engineerTo>
<pk>true</pk>
<usedAttributes>
<attributeRef>4A22DD82-6869-AB12-54C9-7B3F98F21B50</attributeRef>
</usedAttributes>
</identifier>
</identifiers>
</Entity>