<?xml version = '1.0' encoding = 'UTF-8'?>
<Entity class="oracle.dbtools.crest.model.design.logical.Entity" directorySegmentName="seg_0" id="A0A4B638-A499-B9BA-D9EE-3B1A136ABDD1" name="SolicitudExamen">
<createdBy>TI WEB</createdBy>
<createdTime>2025-09-16 01:21:02 UTC</createdTime>
<ownerDesignName>Salud</ownerDesignName>
<engineerTo>
<item key="DF2947EB-9A2A-0F65-FFE2-40B44DEFA2BB" value="true"/>
</engineerTo>
<adequatelyNormalized>NO</adequatelyNormalized>
<expectedVolumes>0</expectedVolumes>
<fwdEngineeringStrategyName>Single Table</fwdEngineeringStrategyName>
<growthPercent>0</growthPercent>
<growthType>Year</growthType>
<maxVolumes>9999999</maxVolumes>
<minVolumes>0</minVolumes>
<normalForm>Third</normalForm>
<attributes itemClass="oracle.dbtools.crest.model.design.logical.Attribute">
<Attribute name="idSolicitud" id="24866BF8-7ED8-BDE4-CE59-D48F54822F77">
<createdBy>TI WEB</createdBy>
<createdTime>2025-09-16 01:22:06 UTC</createdTime>
<ownerDesignName>Salud</ownerDesignName>
<engineerTo>
<item key="DF2947EB-9A2A-0F65-FFE2-40B44DEFA2BB" value="true"/>
</engineerTo>
<useDomainConstraints>false</useDomainConstraints>
<use>1</use>
<logicalDatatype>LOGDT024</logicalDatatype>
<dataTypeSize>10 CHAR</dataTypeSize>
<ownDataTypeParameters>10 CHAR,,</ownDataTypeParameters>
</Attribute>
<Attribute name="resultado" id="9E2C515B-6489-1239-7BB3-1ABB5BB12614">
<createdBy>TI WEB</createdBy>
<createdTime>2025-09-16 01:22:21 UTC</createdTime>
<ownerDesignName>Salud</ownerDesignName>
<engineerTo>
<item key="DF2947EB-9A2A-0F65-FFE2-40B44DEFA2BB" value="true"/>
</engineerTo>
<nullsAllowed>true</nullsAllowed>
<useDomainConstraints>false</useDomainConstraints>
<use>1</use>
<logicalDatatype>LOGDT024</logicalDatatype>
<dataTypeSize>500 CHAR</dataTypeSize>
<ownDataTypeParameters>500 CHAR,,</ownDataTypeParameters>
</Attribute>
<Attribute name="rutMedico" id="70AD49FF-4217-E39D-2146-264F08A819B0">
<createdBy>TI WEB</createdBy>
<createdTime>2025-09-16 01:33:10 UTC</createdTime>
<generatorID>AB6C49DB-CE7D-E2CB-E5DD-1D4CA63A1EB3</generatorID>
<ownerDesignName>Salud</ownerDesignName>
<engineerTo>
<item key="DF2947EB-9A2A-0F65-FFE2-40B44DEFA2BB" value="true"/>
</engineerTo>
<referedAttribute>4A22DD82-6869-AB12-54C9-7B3F98F21B50</referedAttribute>
<useDomainConstraints>false</useDomainConstraints>
<use>1</use>
<logicalDatatype>LOGDT024</logicalDatatype>
<dataTypeSize>10 CHAR</dataTypeSize>
<ownDataTypeParameters>,,</ownDataTypeParameters>
</Attribute>
</attributes>
<identifiers itemClass="oracle.dbtools.crest.model.design.logical.CandidateKey">
<identifier id="DFA23693-38D3-86C5-C697-8346308E8C6D" name="SolicitudExamen PK">
<createdBy>TI WEB</createdBy>
<createdTime>2025-09-16 01:39:15 UTC</createdTime>
<ownerDesignName>Salud</ownerDesignName>
<engineerTo>
<item key="DF2947EB-9A2A-0F65-FFE2-40B44DEFA2BB" value="true"/>
</engineerTo>
<pk>true</pk>
<usedAttributes>
<attributeRef>24866BF8-7ED8-BDE4-CE59-D48F54822F77</attributeRef>
</usedAttributes>
</identifier>
</identifiers>
</Entity>