<?xml version = '1.0' encoding = 'UTF-8'?>
<Entity class="oracle.dbtools.crest.model.design.logical.Entity" directorySegmentName="seg_0" id="ED0AA4C2-F523-B6D3-EF99-3522E5F5DB61" name="Especialidad">
<createdBy>TI WEB</createdBy>
<createdTime>2025-09-16 01:12:28 UTC</createdTime>
<ownerDesignName>Salud</ownerDesignName>
<engineerTo>
<item key="DF2947EB-9A2A-0F65-FFE2-40B44DEFA2BB" value="true"/>
</engineerTo>
<adequatelyNormalized>NO</adequatelyNormalized>
<expectedVolumes>0</expectedVolumes>
<fwdEngineeringStrategyName>Single Table</fwdEngineeringStrategyName>
<growthPercent>0</growthPercent>
<growthType>Year</growthType>
<maxVolumes>9999999</maxVolumes>
<minVolumes>0</minVolumes>
<normalForm>Third</normalForm>
<attributes itemClass="oracle.dbtools.crest.model.design.logical.Attribute">
<Attribute name="idEspecialidad" id="25AC4D4B-6899-FEEA-CBAE-24615286F7C9">
<createdBy>TI WEB</createdBy>
<createdTime>2025-09-16 01:12:34 UTC</createdTime>
<ownerDesignName>Salud</ownerDesignName>
<engineerTo>
<item key="DF2947EB-9A2A-0F65-FFE2-40B44DEFA2BB" value="true"/>
</engineerTo>
<useDomainConstraints>false</useDomainConstraints>
<use>1</use>
<logicalDatatype>LOGDT024</logicalDatatype>
<dataTypeSize>10 CHAR</dataTypeSize>
<ownDataTypeParameters>10 CHAR,,</ownDataTypeParameters>
</Attribute>
<Attribute name="nombre" id="5EC84A86-D3FC-A2B7-5059-CC1C67F0EB83">
<createdBy>TI WEB</createdBy>
<createdTime>2025-09-16 01:12:53 UTC</createdTime>
<ownerDesignName>Salud</ownerDesignName>
<engineerTo>
<item key="DF2947EB-9A2A-0F65-FFE2-40B44DEFA2BB" value="true"/>
</engineerTo>
<nullsAllowed>true</nullsAllowed>
<useDomainConstraints>false</useDomainConstraints>
<use>1</use>
<logicalDatatype>LOGDT024</logicalDatatype>
<dataTypeSize>50 CHAR</dataTypeSize>
<ownDataTypeParameters>50 CHAR,,</ownDataTypeParameters>
</Attribute>
<Attribute name="rutMedico" id="C0E10B7B-CC21-86F5-410A-28CC3AE31C2F">
<createdBy>TI WEB</createdBy>
<createdTime>2025-09-16 01:26:21 UTC</createdTime>
<generatorID>739FE6D5-6718-2006-F464-E999387BA57C</generatorID>
<ownerDesignName>Salud</ownerDesignName>
<engineerTo>
<item key="DF2947EB-9A2A-0F65-FFE2-40B44DEFA2BB" value="true"/>
</engineerTo>
<referedAttribute>4A22DD82-6869-AB12-54C9-7B3F98F21B50</referedAttribute>
<useDomainConstraints>false</useDomainConstraints>
<use>1</use>
<logicalDatatype>LOGDT024</logicalDatatype>
<dataTypeSize>10 CHAR</dataTypeSize>
<ownDataTypeParameters>,,</ownDataTypeParameters>
</Attribute>
</attributes>
<identifiers itemClass="oracle.dbtools.crest.model.design.logical.CandidateKey">
<identifier id="0FC6DD95-DAEA-B0F2-DFB0-DA7F1EC38BE7" name="Especialidad PK">
<createdBy>TI WEB</createdBy>
<createdTime>2025-09-16 01:12:51 UTC</createdTime>
<ownerDesignName>Salud</ownerDesignName>
<shouldEngineer>false</shouldEngineer>
<engineerTo>
<item key="DF2947EB-9A2A-0F65-FFE2-40B44DEFA2BB" value="false"/>
</engineerTo>
<pk>true</pk>
<usedAttributes>
<attributeRef>25AC4D4B-6899-FEEA-CBAE-24615286F7C9</attributeRef>
</usedAttributes>
</identifier>
</identifiers>
</Entity>