<?xml version = '1.0' encoding = 'UTF-8'?>
<FKIndexAssociation class="oracle.dbtools.crest.model.design.relational.FKIndexAssociation" directorySegmentName="seg_0" id="0966F892-8889-D932-50BD-AFD949897F36" containerWithKeyObject="249DC937-F642-AF09-0806-2043B0A6BBBA" localFKIndex="BBC083B2-2DE2-03F7-05FE-31C7AC57C0A3" name="comuna_Paciente_FK">
<createdBy>TI WEB</createdBy>
<createdTime>2025-09-16 01:31:14 UTC</createdTime>
<generatorID>FF8B2881-9947-8F9C-355C-BE88A2193B4E</generatorID>
<ownerDesignName>Salud</ownerDesignName>
<referredTableLongName>Paciente</referredTableLongName>
<deleteRule>NO ACTION</deleteRule>
<referredTableID>A232C565-E068-9D68-488A-6B87515EE088</referredTableID>
<keyObject>2C2E0519-9FDE-3E61-39C1-C13B83B4DA55</keyObject>
<referredKeyID>2C2E0519-9FDE-3E61-39C1-C13B83B4DA55</referredKeyID>
<mandatory>true</mandatory>
<refColNames>rutPaciente</refColNames>
<transferable>true</transferable>
<rely>false</rely>
<columnDependencyConstraintGenerateInDDL>true</columnDependencyConstraintGenerateInDDL>
</FKIndexAssociation>