<?xml version = '1.0' encoding = 'UTF-8'?>
<FKIndexAssociation class="oracle.dbtools.crest.model.design.relational.FKIndexAssociation" directorySegmentName="seg_0" id="2BD73135-74D8-0092-0A3E-B8CD37471948" containerWithKeyObject="FB5091CB-9B1C-9760-F73A-E4A26AEBECF3" localFKIndex="158C2FD4-E37C-5C60-984F-9B5914AC5FEA" name="Especialidad_Medico_FK">
<createdBy>TI WEB</createdBy>
<createdTime>2025-09-16 01:31:14 UTC</createdTime>
<generatorID>739FE6D5-6718-2006-F464-E999387BA57C</generatorID>
<ownerDesignName>Salud</ownerDesignName>
<referredTableLongName>Medico</referredTableLongName>
<deleteRule>NO ACTION</deleteRule>
<referredTableID>FC511B53-A9D3-F1EF-10B0-85CA004B5739</referredTableID>
<keyObject>EDC54746-E354-EB4F-4C36-ABEB505C4337</keyObject>
<referredKeyID>EDC54746-E354-EB4F-4C36-ABEB505C4337</referredKeyID>
<mandatory>true</mandatory>
<refColNames>rutMedico</refColNames>
<transferable>true</transferable>
<rely>false</rely>
<columnDependencyConstraintGenerateInDDL>true</columnDependencyConstraintGenerateInDDL>
</FKIndexAssociation>