<?xml version = '1.0' encoding = 'UTF-8'?>
<FKIndexAssociation class="oracle.dbtools.crest.model.design.relational.FKIndexAssociation" directorySegmentName="seg_0" id="5126A7C1-EEB3-4C6B-53DA-7CD4D20C0E70" containerWithKeyObject="A0220E88-6F4B-4F0B-6015-45E7E21EBF3E" localFKIndex="23047A2F-2393-020B-FA75-3FF127D8EC70" name="Examen_AtencionMedica_FK">
<createdBy>TI WEB</createdBy>
<createdTime>2025-09-16 01:31:14 UTC</createdTime>
<generatorID>6454255C-FD96-16AA-AEBD-DC52952C57F4</generatorID>
<ownerDesignName>Salud</ownerDesignName>
<referredTableLongName>AtencionMedica</referredTableLongName>
<deleteRule>NO ACTION</deleteRule>
<referredTableID>DD1FA918-AC19-45EA-4B94-3A5B3E5E1EC8</referredTableID>
<keyObject>311B787F-31D6-91FD-2C6C-D44916A735EB</keyObject>
<referredKeyID>311B787F-31D6-91FD-2C6C-D44916A735EB</referredKeyID>
<mandatory>true</mandatory>
<refColNames>idAtencion</refColNames>
<transferable>true</transferable>
<rely>false</rely>
<columnDependencyConstraintGenerateInDDL>true</columnDependencyConstraintGenerateInDDL>
</FKIndexAssociation>