<?xml version = '1.0' encoding = 'UTF-8'?>
<FKIndexAssociation class="oracle.dbtools.crest.model.design.relational.FKIndexAssociation" directorySegmentName="seg_0" id="652CC05C-0EE7-6763-B6FF-64EB8AA6E1D6" containerWithKeyObject="DD1FA918-AC19-45EA-4B94-3A5B3E5E1EC8" localFKIndex="AE208D24-867A-3468-150F-C95B4062B18D" name="AtencionMedica_Medico_FK">
<createdBy>TI WEB</createdBy>
<createdTime>2025-09-16 01:31:14 UTC</createdTime>
<generatorID>ECA4E59D-5BFD-33FE-1CDF-996B9EA83FC8</generatorID>
<ownerDesignName>Salud</ownerDesignName>
<referredTableLongName>Medico</referredTableLongName>
<deleteRule>NO ACTION</deleteRule>
<referredTableID>FC511B53-A9D3-F1EF-10B0-85CA004B5739</referredTableID>
<keyObject>EDC54746-E354-EB4F-4C36-ABEB505C4337</keyObject>
<referredKeyID>EDC54746-E354-EB4F-4C36-ABEB505C4337</referredKeyID>
<mandatory>true</mandatory>
<refColNames>rutMedico</refColNames>
<transferable>true</transferable>
<rely>false</rely>
<columnDependencyConstraintGenerateInDDL>true</columnDependencyConstraintGenerateInDDL>
</FKIndexAssociation>