<?xml version = '1.0' encoding = 'UTF-8'?>
<FKIndexAssociation class="oracle.dbtools.crest.model.design.relational.FKIndexAssociation" directorySegmentName="seg_0" id="6B09EFAB-0D85-6892-D95D-A872DB885053" containerWithKeyObject="EB12236B-30C1-D6F1-A8B0-409BED85BD34" localFKIndex="57E5DCF4-936D-5615-65B0-48E9A1548821" name="SolicitudExamen_Medico_FK">
<createdBy>TI WEB</createdBy>
<createdTime>2025-09-16 01:33:20 UTC</createdTime>
<generatorID>AB6C49DB-CE7D-E2CB-E5DD-1D4CA63A1EB3</generatorID>
<ownerDesignName>Salud</ownerDesignName>
<referredTableLongName>Medico</referredTableLongName>
<deleteRule>NO ACTION</deleteRule>
<referredTableID>FC511B53-A9D3-F1EF-10B0-85CA004B5739</referredTableID>
<keyObject>EDC54746-E354-EB4F-4C36-ABEB505C4337</keyObject>
<referredKeyID>EDC54746-E354-EB4F-4C36-ABEB505C4337</referredKeyID>
<mandatory>true</mandatory>
<refColNames>rutMedico</refColNames>
<transferable>true</transferable>
<rely>false</rely>
<columnDependencyConstraintGenerateInDDL>true</columnDependencyConstraintGenerateInDDL>
</FKIndexAssociation>