<?xml version = '1.0' encoding = 'UTF-8'?>
<FKIndexAssociation class="oracle.dbtools.crest.model.design.relational.FKIndexAssociation" directorySegmentName="seg_0" id="B0223B67-D31A-E02B-A975-F2C1E23EA53B" containerWithKeyObject="EE2EFF74-9B84-8F61-4293-1E7FE4CE0D97" localFKIndex="CC09799F-2977-059E-CE4F-BDD257ABA5FB" name="PagoAtencion_AtencionMedica_FK">
<createdBy>TI WEB</createdBy>
<createdTime>2025-09-16 01:31:14 UTC</createdTime>
<generatorID>B0DF74D3-4B79-6682-C943-EE25971F40D8</generatorID>
<ownerDesignName>Salud</ownerDesignName>
<referredTableLongName>AtencionMedica</referredTableLongName>
<deleteRule>NO ACTION</deleteRule>
<referredTableID>DD1FA918-AC19-45EA-4B94-3A5B3E5E1EC8</referredTableID>
<keyObject>311B787F-31D6-91FD-2C6C-D44916A735EB</keyObject>
<referredKeyID>311B787F-31D6-91FD-2C6C-D44916A735EB</referredKeyID>
<mandatory>true</mandatory>
<refColNames>idAtencion</refColNames>
<transferable>true</transferable>
<rely>false</rely>
<columnDependencyConstraintGenerateInDDL>true</columnDependencyConstraintGenerateInDDL>
</FKIndexAssociation>