<?xml version = '1.0' encoding = 'UTF-8'?>
<FKIndexAssociation class="oracle.dbtools.crest.model.design.relational.FKIndexAssociation" directorySegmentName="seg_0" id="C50CE7C3-00EA-38D1-0CAF-0FFC2FF81A5D" containerWithKeyObject="DD1FA918-AC19-45EA-4B94-3A5B3E5E1EC8" localFKIndex="0C372991-4072-86B1-5D5E-97BB3E7CFD66" name="AtencionMedica_Examen_FK">
<createdBy>TI WEB</createdBy>
<createdTime>2025-09-16 01:31:14 UTC</createdTime>
<generatorID>4E05DC6C-EC9C-D361-DA39-DF757E7C5AEA</generatorID>
<ownerDesignName>Salud</ownerDesignName>
<referredTableLongName>Examen</referredTableLongName>
<deleteRule>NO ACTION</deleteRule>
<referredTableID>A0220E88-6F4B-4F0B-6015-45E7E21EBF3E</referredTableID>
<keyObject>85E4B008-070B-B487-9A59-28A7F9CAE0DF</keyObject>
<referredKeyID>85E4B008-070B-B487-9A59-28A7F9CAE0DF</referredKeyID>
<mandatory>true</mandatory>
<refColNames>idExamen</refColNames>
<transferable>true</transferable>
<rely>false</rely>
<columnDependencyConstraintGenerateInDDL>true</columnDependencyConstraintGenerateInDDL>
</FKIndexAssociation>