<?xml version = '1.0' encoding = 'UTF-8'?>
<FKIndexAssociation class="oracle.dbtools.crest.model.design.relational.FKIndexAssociation" directorySegmentName="seg_0" id="D0A45043-3CD4-AE5C-F5F0-5FC8AC70FB30" containerWithKeyObject="11B6DC83-6A09-6476-BF44-BA2CA7E166C0" localFKIndex="12EA1C14-3F8C-9F41-6E04-5021529F5ECD" name="InstituciónSalud_Medico_FK">
<createdBy>TI WEB</createdBy>
<createdTime>2025-09-16 01:31:14 UTC</createdTime>
<generatorID>92AD81CD-A753-500E-EDFD-E0863DF93ED3</generatorID>
<ownerDesignName>Salud</ownerDesignName>
<referredTableLongName>Medico</referredTableLongName>
<deleteRule>NO ACTION</deleteRule>
<referredTableID>FC511B53-A9D3-F1EF-10B0-85CA004B5739</referredTableID>
<keyObject>EDC54746-E354-EB4F-4C36-ABEB505C4337</keyObject>
<referredKeyID>EDC54746-E354-EB4F-4C36-ABEB505C4337</referredKeyID>
<mandatory>true</mandatory>
<refColNames>rutMedico</refColNames>
<transferable>true</transferable>
<rely>false</rely>
<columnDependencyConstraintGenerateInDDL>true</columnDependencyConstraintGenerateInDDL>
</FKIndexAssociation>