<?xml version = '1.0' encoding = 'UTF-8'?>
<FKIndexAssociation class="oracle.dbtools.crest.model.design.relational.FKIndexAssociation" directorySegmentName="seg_0" id="E097CD6E-B230-947B-5393-9D4D94933100" containerWithKeyObject="8C599BFE-DC83-2D0C-A677-65C8F06EF01D" localFKIndex="04C517FE-6CC9-0B34-29AE-F96DA0C59C4A" name="AFP_Medico_FK">
<createdBy>TI WEB</createdBy>
<createdTime>2025-09-16 01:31:14 UTC</createdTime>
<generatorID>DAF673CF-FE82-43F1-B754-8CF50368AC99</generatorID>
<ownerDesignName>Salud</ownerDesignName>
<referredTableLongName>Medico</referredTableLongName>
<deleteRule>NO ACTION</deleteRule>
<referredTableID>FC511B53-A9D3-F1EF-10B0-85CA004B5739</referredTableID>
<keyObject>EDC54746-E354-EB4F-4C36-ABEB505C4337</keyObject>
<referredKeyID>EDC54746-E354-EB4F-4C36-ABEB505C4337</referredKeyID>
<mandatory>true</mandatory>
<refColNames>rutMedico</refColNames>
<transferable>true</transferable>
<rely>false</rely>
<columnDependencyConstraintGenerateInDDL>true</columnDependencyConstraintGenerateInDDL>
</FKIndexAssociation>