<?xml version = '1.0' encoding = 'UTF-8'?>
<FKIndexAssociation class="oracle.dbtools.crest.model.design.relational.FKIndexAssociation" directorySegmentName="seg_0" id="EAC5B358-585C-4565-9711-28BF75531F9F" containerWithKeyObject="A232C565-E068-9D68-488A-6B87515EE088" localFKIndex="66E3544C-B26D-06C8-4644-E7358F7B6F1F" name="Paciente_SolicitudExamen_FK">
<createdBy>TI WEB</createdBy>
<createdTime>2025-09-16 01:33:20 UTC</createdTime>
<generatorID>F6BB75B2-C03B-225A-7F63-AC466797381D</generatorID>
<ownerDesignName>Salud</ownerDesignName>
<referredTableLongName>SolicitudExamen</referredTableLongName>
<deleteRule>NO ACTION</deleteRule>
<referredTableID>EB12236B-30C1-D6F1-A8B0-409BED85BD34</referredTableID>
<keyObject>7C50C4E8-E174-41DA-A600-276EEA2D34B9</keyObject>
<referredKeyID>7C50C4E8-E174-41DA-A600-276EEA2D34B9</referredKeyID>
<mandatory>true</mandatory>
<refColNames>SolicitudExamen_ID</refColNames>
<transferable>true</transferable>
<rely>false</rely>
<columnDependencyConstraintGenerateInDDL>true</columnDependencyConstraintGenerateInDDL>
</FKIndexAssociation>