<?xml version = '1.0' encoding = 'UTF-8'?>
<FKIndexAssociation class="oracle.dbtools.crest.model.design.relational.FKIndexAssociation" directorySegmentName="seg_0" id="EFFB70D8-D21C-3F4E-11A9-F3A3D1FCCB64" containerWithKeyObject="DD1FA918-AC19-45EA-4B94-3A5B3E5E1EC8" localFKIndex="5D074027-BE31-C74A-4219-D3EC9BF8DCB5" name="AtencionMedica_Paciente_FK">
<createdBy>TI WEB</createdBy>
<createdTime>2025-09-16 01:31:14 UTC</createdTime>
<generatorID>F44E3AEF-6039-4B78-3478-611D2F681814</generatorID>
<ownerDesignName>Salud</ownerDesignName>
<referredTableLongName>Paciente</referredTableLongName>
<deleteRule>NO ACTION</deleteRule>
<referredTableID>A232C565-E068-9D68-488A-6B87515EE088</referredTableID>
<keyObject>2C2E0519-9FDE-3E61-39C1-C13B83B4DA55</keyObject>
<referredKeyID>2C2E0519-9FDE-3E61-39C1-C13B83B4DA55</referredKeyID>
<mandatory>true</mandatory>
<refColNames>rutPaciente</refColNames>
<transferable>true</transferable>
<rely>false</rely>
<columnDependencyConstraintGenerateInDDL>true</columnDependencyConstraintGenerateInDDL>
</FKIndexAssociation>