<?xml version = '1.0' encoding = 'UTF-8'?>
<Relation class="oracle.dbtools.crest.model.design.logical.Relation" name="Relation_6" directorySegmentName="seg_0" id="4E05DC6C-EC9C-D361-DA39-DF757E7C5AEA">
<createdBy>TI WEB</createdBy>
<createdTime>2025-09-16 01:26:07 UTC</createdTime>
<ownerDesignName>Salud</ownerDesignName>
<engineerTo>
<item key="DF2947EB-9A2A-0F65-FFE2-40B44DEFA2BB" value="true"/>
</engineerTo>
<sourcePk>5ED49557-A6DF-7790-F0A2-79215EF59633</sourcePk>
<identifying>false</identifying>
<optionalSource>true</optionalSource>
<optionalTarget>false</optionalTarget>
<sourceCardinality>1</sourceCardinality>
<sourceEntity>E4BDE26B-ECF2-8A8F-C891-051E7F54C010</sourceEntity>
<targetCardinalityString>*</targetCardinalityString>
<targetEntity>9F5CBEF4-A6F3-F149-D520-48312B175BCD</targetEntity>
<transferable>true</transferable>
<deleteRule>NO ACTION</deleteRule>
</Relation>