<?xml version = '1.0' encoding = 'UTF-8'?>
<Relation class="oracle.dbtools.crest.model.design.logical.Relation" name="Relation_9" directorySegmentName="seg_0" id="92AD81CD-A753-500E-EDFD-E0863DF93ED3">
<createdBy>TI WEB</createdBy>
<createdTime>2025-09-16 01:26:41 UTC</createdTime>
<ownerDesignName>Salud</ownerDesignName>
<engineerTo>
<item key="DF2947EB-9A2A-0F65-FFE2-40B44DEFA2BB" value="true"/>
</engineerTo>
<sourcePk>6A7595A6-E0BF-78A0-F88F-C2FA9B3346CA</sourcePk>
<identifying>false</identifying>
<optionalSource>true</optionalSource>
<optionalTarget>false</optionalTarget>
<sourceCardinality>1</sourceCardinality>
<sourceEntity>8600D51A-E586-EB72-5692-A777D79AD932</sourceEntity>
<targetCardinalityString>*</targetCardinalityString>
<targetEntity>79407C9E-56E5-889D-45E6-461354058D92</targetEntity>
<transferable>true</transferable>
<deleteRule>NO ACTION</deleteRule>
</Relation>