<?xml version = '1.0' encoding = 'UTF-8'?>
<Relation class="oracle.dbtools.crest.model.design.logical.Relation" name="Relation_4" directorySegmentName="seg_0" id="B0DF74D3-4B79-6682-C943-EE25971F40D8">
<createdBy>TI WEB</createdBy>
<createdTime>2025-09-16 01:25:15 UTC</createdTime>
<ownerDesignName>Salud</ownerDesignName>
<engineerTo>
<item key="DF2947EB-9A2A-0F65-FFE2-40B44DEFA2BB" value="true"/>
</engineerTo>
<sourcePk>9F19D705-0E2D-F1AC-F72E-F3D1EFA18531</sourcePk>
<identifying>false</identifying>
<optionalSource>true</optionalSource>
<optionalTarget>false</optionalTarget>
<sourceCardinality>1</sourceCardinality>
<sourceEntity>9F5CBEF4-A6F3-F149-D520-48312B175BCD</sourceEntity>
<targetCardinalityString>1</targetCardinalityString>
<targetEntity>9BDDEA74-3448-ABC9-9F53-CD3B069BAA18</targetEntity>
<transferable>true</transferable>
<deleteRule>NO ACTION</deleteRule>
</Relation>