<?xml version = '1.0' encoding = 'UTF-8'?>
<Relation class="oracle.dbtools.crest.model.design.logical.Relation" name="Relation_8" directorySegmentName="seg_0" id="DAF673CF-FE82-43F1-B754-8CF50368AC99">
<createdBy>TI WEB</createdBy>
<createdTime>2025-09-16 01:26:34 UTC</createdTime>
<ownerDesignName>Salud</ownerDesignName>
<engineerTo>
<item key="DF2947EB-9A2A-0F65-FFE2-40B44DEFA2BB" value="true"/>
</engineerTo>
<sourcePk>6A7595A6-E0BF-78A0-F88F-C2FA9B3346CA</sourcePk>
<identifying>false</identifying>
<optionalSource>true</optionalSource>
<optionalTarget>false</optionalTarget>
<sourceCardinality>1</sourceCardinality>
<sourceEntity>8600D51A-E586-EB72-5692-A777D79AD932</sourceEntity>
<targetCardinalityString>*</targetCardinalityString>
<targetEntity>A42910E5-BDAD-E2F7-E2A5-FEF3015B9B27</targetEntity>
<transferable>true</transferable>
<deleteRule>NO ACTION</deleteRule>
</Relation>