<?xml version = '1.0' encoding = 'UTF-8'?>
<Relation class="oracle.dbtools.crest.model.design.logical.Relation" name="Relation_3" directorySegmentName="seg_0" id="ECA4E59D-5BFD-33FE-1CDF-996B9EA83FC8">
<createdBy>TI WEB</createdBy>
<createdTime>2025-09-16 01:24:36 UTC</createdTime>
<ownerDesignName>Salud</ownerDesignName>
<engineerTo>
<item key="DF2947EB-9A2A-0F65-FFE2-40B44DEFA2BB" value="true"/>
</engineerTo>
<sourcePk>6A7595A6-E0BF-78A0-F88F-C2FA9B3346CA</sourcePk>
<identifying>false</identifying>
<optionalSource>true</optionalSource>
<optionalTarget>false</optionalTarget>
<sourceCardinality>1</sourceCardinality>
<sourceEntity>8600D51A-E586-EB72-5692-A777D79AD932</sourceEntity>
<targetCardinalityString>*</targetCardinalityString>
<targetEntity>9F5CBEF4-A6F3-F149-D520-48312B175BCD</targetEntity>
<transferable>true</transferable>
<deleteRule>NO ACTION</deleteRule>
</Relation>