<?xml version = '1.0' encoding = 'UTF-8'?>
<Relation class="oracle.dbtools.crest.model.design.logical.Relation" name="Relation_1" directorySegmentName="seg_0" id="F44E3AEF-6039-4B78-3478-611D2F681814">
<createdBy>TI WEB</createdBy>
<createdTime>2025-09-16 01:23:47 UTC</createdTime>
<ownerDesignName>Salud</ownerDesignName>
<engineerTo>
<item key="DF2947EB-9A2A-0F65-FFE2-40B44DEFA2BB" value="true"/>
</engineerTo>
<sourcePk>4FD475FB-AC78-889B-2EB4-F0F991C5FFD2</sourcePk>
<identifying>false</identifying>
<optionalSource>true</optionalSource>
<optionalTarget>false</optionalTarget>
<sourceCardinality>1</sourceCardinality>
<sourceEntity>D9C18EFE-F9E1-0EAD-E570-F3F627A2366B</sourceEntity>
<targetCardinalityString>*</targetCardinalityString>
<targetEntity>9F5CBEF4-A6F3-F149-D520-48312B175BCD</targetEntity>
<transferable>true</transferable>
<deleteRule>NO ACTION</deleteRule>
</Relation>