<?xml version = '1.0' encoding = 'UTF-8'?>
<Relation class="oracle.dbtools.crest.model.design.logical.Relation" name="Relation_12" directorySegmentName="seg_0" id="F6BB75B2-C03B-225A-7F63-AC466797381D">
<createdBy>TI WEB</createdBy>
<createdTime>2025-09-16 01:33:15 UTC</createdTime>
<ownerDesignName>Salud</ownerDesignName>
<engineerTo>
<item key="DF2947EB-9A2A-0F65-FFE2-40B44DEFA2BB" value="true"/>
</engineerTo>
<sourcePk>DFA23693-38D3-86C5-C697-8346308E8C6D</sourcePk>
<identifying>false</identifying>
<optionalSource>true</optionalSource>
<optionalTarget>false</optionalTarget>
<sourceCardinality>1</sourceCardinality>
<sourceEntity>A0A4B638-A499-B9BA-D9EE-3B1A136ABDD1</sourceEntity>
<targetCardinalityString>*</targetCardinalityString>
<targetEntity>D9C18EFE-F9E1-0EAD-E570-F3F627A2366B</targetEntity>
<transferable>true</transferable>
<deleteRule>NO ACTION</deleteRule>
</Relation>