<?xml version = '1.0' encoding = 'UTF-8'?>
<Relation class="oracle.dbtools.crest.model.design.logical.Relation" name="Relation_10" directorySegmentName="seg_0" id="FF8B2881-9947-8F9C-355C-BE88A2193B4E">
<createdBy>TI WEB</createdBy>
<createdTime>2025-09-16 01:27:02 UTC</createdTime>
<ownerDesignName>Salud</ownerDesignName>
<engineerTo>
<item key="DF2947EB-9A2A-0F65-FFE2-40B44DEFA2BB" value="true"/>
</engineerTo>
<sourcePk>4FD475FB-AC78-889B-2EB4-F0F991C5FFD2</sourcePk>
<identifying>false</identifying>
<optionalSource>true</optionalSource>
<optionalTarget>false</optionalTarget>
<sourceCardinality>1</sourceCardinality>
<sourceEntity>D9C18EFE-F9E1-0EAD-E570-F3F627A2366B</sourceEntity>
<targetCardinalityString>*</targetCardinalityString>
<targetEntity>F9300F9C-242C-E307-E51A-8A9C12F26E07</targetEntity>
<transferable>true</transferable>
<deleteRule>NO ACTION</deleteRule>
</Relation>