<?xml version = '1.0' encoding = 'UTF-8'?>
<Table class="oracle.dbtools.crest.model.design.relational.Table" directorySegmentName="seg_0" id="11B6DC83-6A09-6476-BF44-BA2CA7E166C0" name="InstituciónSalud">
<createdBy>TI WEB</createdBy>
<createdTime>2025-09-16 01:31:14 UTC</createdTime>
<generatorID>79407C9E-56E5-889D-45E6-461354058D92</generatorID>
<ownerDesignName>Salud</ownerDesignName>
<allowColumnReorder>false</allowColumnReorder>
<existDependencyGenerateInDDl>true</existDependencyGenerateInDDl>
<parsed>true</parsed>
<columns itemClass="oracle.dbtools.crest.model.design.relational.Column">
<Column name="idInstitucionSalud" id="18DA1AB8-7149-0005-DF05-C16865BF348D">
<createdBy>TI WEB</createdBy>
<createdTime>2025-09-16 01:31:14 UTC</createdTime>
<generatorID>BC64CD75-7318-7017-1271-515C8BB78F47</generatorID>
<ownerDesignName>Salud</ownerDesignName>
<useDomainConstraints>false</useDomainConstraints>
<use>1</use>
<logicalDatatype>LOGDT024</logicalDatatype>
<dataTypeSize>10 CHAR</dataTypeSize>
<ownDataTypeParameters>10 CHAR,,</ownDataTypeParameters>
<autoIncrementCycle>false</autoIncrementCycle>
</Column>
<Column name="nombre" id="0267B631-325F-78C0-29FD-F339276E9BA7">
<createdBy>TI WEB</createdBy>
<createdTime>2025-09-16 01:31:14 UTC</createdTime>
<generatorID>35B6B7C0-486D-0190-5126-5C746AC6B9ED</generatorID>
<ownerDesignName>Salud</ownerDesignName>
<nullsAllowed>true</nullsAllowed>
<useDomainConstraints>false</useDomainConstraints>
<use>1</use>
<logicalDatatype>LOGDT024</logicalDatatype>
<dataTypeSize>30 CHAR</dataTypeSize>
<ownDataTypeParameters>30 CHAR,,</ownDataTypeParameters>
<autoIncrementCycle>false</autoIncrementCycle>
</Column>
<Column name="tipo" id="B2DEB0D0-9E6A-E500-E993-7BCF3FBB9983">
<createdBy>TI WEB</createdBy>
<createdTime>2025-09-16 01:31:14 UTC</createdTime>
<generatorID>C606EE75-5B7C-B284-1C97-D3C211B05D5C</generatorID>
<ownerDesignName>Salud</ownerDesignName>
<nullsAllowed>true</nullsAllowed>
<useDomainConstraints>false</useDomainConstraints>
<use>1</use>
<logicalDatatype>LOGDT024</logicalDatatype>
<dataTypeSize>8 CHAR</dataTypeSize>
<ownDataTypeParameters>8 CHAR,,</ownDataTypeParameters>
<autoIncrementCycle>false</autoIncrementCycle>
</Column>
<Column name="Medico_rutMedico" id="B327E494-99E2-B871-DA66-9B3B97877E4D">
<createdBy>TI WEB</createdBy>
<createdTime>2025-09-16 01:31:14 UTC</createdTime>
<generatorID>7B6818B3-4617-6B96-AF39-F1C0FB1C5095</generatorID>
<ownerDesignName>Salud</ownerDesignName>
<useDomainConstraints>false</useDomainConstraints>
<use>1</use>
<logicalDatatype>LOGDT024</logicalDatatype>
<dataTypeSize>10 CHAR</dataTypeSize>
<ownDataTypeParameters>,,</ownDataTypeParameters>
<previousColumn>false</previousColumn>
<autoIncrementCycle>false</autoIncrementCycle>
<associations>
<colAssociation fkAssociation="D0A45043-3CD4-AE5C-F5F0-5FC8AC70FB30" referredColumn="1C4F8792-CFCA-A323-E992-ABFD7FFB3226"/>
</associations>
</Column>
</columns>
<indexes itemClass="oracle.dbtools.crest.model.design.relational.Index">
<ind_PK_UK id="0B543A90-7CF1-43A1-43CB-4C97AF050B31" name="InstituciónSalud_PK">
<createdBy>TI WEB</createdBy>
<createdTime>2025-09-16 01:31:14 UTC</createdTime>
<generatorID>C0B86A57-65EF-F6CB-D99B-F6E8290E83C4</generatorID>
<ownerDesignName>Salud</ownerDesignName>
<pk>true</pk>
<indexState>Primary Constraint</indexState>
<isSurrogateKey>false</isSurrogateKey>
<indexColumnUsage>
<colUsage columnID="18DA1AB8-7149-0005-DF05-C16865BF348D"/>
</indexColumnUsage>
</ind_PK_UK>
<ind_PK_UK id="12EA1C14-3F8C-9F41-6E04-5021529F5ECD" name="InstituciónSalud_Medico_FK">
<createdBy>TI WEB</createdBy>
<createdTime>2025-09-16 01:31:14 UTC</createdTime>
<generatorID>92AD81CD-A753-500E-EDFD-E0863DF93ED3</generatorID>
<ownerDesignName>Salud</ownerDesignName>
<indexState>Foreign Key</indexState>
<isSurrogateKey>false</isSurrogateKey>
<indexColumnUsage>
<colUsage columnID="B327E494-99E2-B871-DA66-9B3B97877E4D"/>
</indexColumnUsage>
</ind_PK_UK>
</indexes>
</Table>