<?xml version = '1.0' encoding = 'UTF-8'?>
<Table class="oracle.dbtools.crest.model.design.relational.Table" directorySegmentName="seg_0" id="A232C565-E068-9D68-488A-6B87515EE088" name="Paciente">
<createdBy>TI WEB</createdBy>
<createdTime>2025-09-16 01:31:14 UTC</createdTime>
<generatorID>D9C18EFE-F9E1-0EAD-E570-F3F627A2366B</generatorID>
<ownerDesignName>Salud</ownerDesignName>
<allowColumnReorder>false</allowColumnReorder>
<existDependencyGenerateInDDl>true</existDependencyGenerateInDDl>
<parsed>true</parsed>
<columns itemClass="oracle.dbtools.crest.model.design.relational.Column">
<Column name="rutPaciente" id="6C2162A0-00AC-70CF-3CED-EC2B4D60AA5F">
<createdBy>TI WEB</createdBy>
<createdTime>2025-09-16 01:31:14 UTC</createdTime>
<generatorID>0C4F6587-EAA7-CCBB-730D-3879017BFE55</generatorID>
<ownerDesignName>Salud</ownerDesignName>
<useDomainConstraints>false</useDomainConstraints>
<use>1</use>
<logicalDatatype>LOGDT019</logicalDatatype>
<dataTypePrecision>10</dataTypePrecision>
<ownDataTypeParameters>,10,</ownDataTypeParameters>
<autoIncrementCycle>false</autoIncrementCycle>
</Column>
<Column name="nombreCompleto" id="30540076-93B1-7771-42EB-D3111FD7A042">
<createdBy>TI WEB</createdBy>
<createdTime>2025-09-16 01:31:14 UTC</createdTime>
<generatorID>A9DD3689-75D4-1B4E-CB7F-F4838E5E64F0</generatorID>
<ownerDesignName>Salud</ownerDesignName>
<nullsAllowed>true</nullsAllowed>
<useDomainConstraints>false</useDomainConstraints>
<use>1</use>
<logicalDatatype>LOGDT025</logicalDatatype>
<dataTypeSize>50 CHAR</dataTypeSize>
<ownDataTypeParameters>50 CHAR,,</ownDataTypeParameters>
<autoIncrementCycle>false</autoIncrementCycle>
</Column>
<Column name="sexo" id="D1B4E472-F7C8-5BCF-F3E7-EAA6D393F5EC">
<createdBy>TI WEB</createdBy>
<createdTime>2025-09-16 01:31:14 UTC</createdTime>
<generatorID>882F4DC9-7448-6328-9B53-5E0D5AC95A74</generatorID>
<ownerDesignName>Salud</ownerDesignName>
<nullsAllowed>true</nullsAllowed>
<useDomainConstraints>false</useDomainConstraints>
<use>1</use>
<logicalDatatype>LOGDT025</logicalDatatype>
<dataTypeSize>10 CHAR</dataTypeSize>
<ownDataTypeParameters>10 CHAR,,</ownDataTypeParameters>
<autoIncrementCycle>false</autoIncrementCycle>
</Column>
<Column name="fechaNacimiento" id="B9B92416-7B9E-5CE0-A6BB-E29FCB4C3A63">
<createdBy>TI WEB</createdBy>
<createdTime>2025-09-16 01:31:14 UTC</createdTime>
<generatorID>284C139B-A988-996D-9019-165897CBB90F</generatorID>
<ownerDesignName>Salud</ownerDesignName>
<nullsAllowed>true</nullsAllowed>
<useDomainConstraints>false</useDomainConstraints>
<use>1</use>
<logicalDatatype>LOGDT007</logicalDatatype>
<ownDataTypeParameters>,,</ownDataTypeParameters>
<autoIncrementCycle>false</autoIncrementCycle>
</Column>
<Column name="direccion" id="851DD7D8-FF7E-C127-FB2C-606B13576142">
<createdBy>TI WEB</createdBy>
<createdTime>2025-09-16 01:31:14 UTC</createdTime>
<generatorID>5CDB1D45-100F-BE55-2E0F-4D5C1246FCC4</generatorID>
<ownerDesignName>Salud</ownerDesignName>
<nullsAllowed>true</nullsAllowed>
<useDomainConstraints>false</useDomainConstraints>
<use>1</use>
<logicalDatatype>LOGDT025</logicalDatatype>
<dataTypeSize>70 CHAR</dataTypeSize>
<ownDataTypeParameters>70 CHAR,,</ownDataTypeParameters>
<autoIncrementCycle>false</autoIncrementCycle>
</Column>
<Column name="tipoUsuario" id="4826C3A2-4C70-AB8F-855A-AE4E3EA7F7FA">
<createdBy>TI WEB</createdBy>
<createdTime>2025-09-16 01:31:14 UTC</createdTime>
<generatorID>F4F2EE16-0F50-49EC-1B27-0726F093F2BE</generatorID>
<ownerDesignName>Salud</ownerDesignName>
<nullsAllowed>true</nullsAllowed>
<useDomainConstraints>false</useDomainConstraints>
<use>1</use>
<logicalDatatype>LOGDT024</logicalDatatype>
<dataTypeSize>12 CHAR</dataTypeSize>
<ownDataTypeParameters>12 CHAR,,</ownDataTypeParameters>
<autoIncrementCycle>false</autoIncrementCycle>
</Column>
<Column name="contacto" id="C6E20DD3-A9A6-BB4A-BACD-4E300275E667">
<createdBy>TI WEB</createdBy>
<createdTime>2025-09-16 01:31:14 UTC</createdTime>
<generatorID>2DAEB3D3-44ED-D583-FCD8-36E896AE0E08</generatorID>
<ownerDesignName>Salud</ownerDesignName>
<nullsAllowed>true</nullsAllowed>
<useDomainConstraints>false</useDomainConstraints>
<use>1</use>
<logicalDatatype>LOGDT025</logicalDatatype>
<dataTypeSize>12 CHAR</dataTypeSize>
<ownDataTypeParameters>12 CHAR,,</ownDataTypeParameters>
<autoIncrementCycle>false</autoIncrementCycle>
</Column>
<Column name="SolicitudExamen_SolicitudExamen_ID" id="3265CC3F-20AB-EDE0-F76D-7EB55EAC17C9">
<createdBy>TI WEB</createdBy>
<createdTime>2025-09-16 01:33:20 UTC</createdTime>
<ownerDesignName>Salud</ownerDesignName>
<useDomainConstraints>false</useDomainConstraints>
<use>1</use>
<logicalDatatype>LOGDT019</logicalDatatype>
<ownDataTypeParameters>,,</ownDataTypeParameters>
<previousColumn>false</previousColumn>
<autoIncrementCycle>false</autoIncrementCycle>
</Column>
<Column name="idSolicitud" id="69FEBC61-0C43-7ED2-129B-BC559AFC0BB8">
<createdBy>TI WEB</createdBy>
<createdTime>2025-09-16 01:39:47 UTC</createdTime>
<generatorID>EB39F1A8-25AA-E5C5-916B-D803A270F386</generatorID>
<ownerDesignName>Salud</ownerDesignName>
<useDomainConstraints>false</useDomainConstraints>
<use>1</use>
<logicalDatatype>LOGDT024</logicalDatatype>
<dataTypeSize>10 CHAR</dataTypeSize>
<ownDataTypeParameters>,,</ownDataTypeParameters>
<previousColumn>false</previousColumn>
<autoIncrementCycle>false</autoIncrementCycle>
<associations>
<colAssociation fkAssociation="EAC5B358-585C-4565-9711-28BF75531F9F" referredColumn="5D91ED9B-17A4-45BA-1944-85113C7BFA2B"/>
</associations>
</Column>
</columns>
<indexes itemClass="oracle.dbtools.crest.model.design.relational.Index">
<ind_PK_UK id="2C2E0519-9FDE-3E61-39C1-C13B83B4DA55" name="Paciente_PK">
<createdBy>TI WEB</createdBy>
<createdTime>2025-09-16 01:31:14 UTC</createdTime>
<generatorID>4FD475FB-AC78-889B-2EB4-F0F991C5FFD2</generatorID>
<ownerDesignName>Salud</ownerDesignName>
<pk>true</pk>
<indexState>Primary Constraint</indexState>
<isSurrogateKey>false</isSurrogateKey>
<indexColumnUsage>
<colUsage columnID="6C2162A0-00AC-70CF-3CED-EC2B4D60AA5F"/>
</indexColumnUsage>
</ind_PK_UK>
<ind_PK_UK id="66E3544C-B26D-06C8-4644-E7358F7B6F1F" name="Paciente_SolicitudExamen_FK">
<createdBy>TI WEB</createdBy>
<createdTime>2025-09-16 01:33:20 UTC</createdTime>
<generatorID>F6BB75B2-C03B-225A-7F63-AC466797381D</generatorID>
<ownerDesignName>Salud</ownerDesignName>
<indexState>Foreign Key</indexState>
<isSurrogateKey>false</isSurrogateKey>
<indexColumnUsage>
<colUsage columnID="69FEBC61-0C43-7ED2-129B-BC559AFC0BB8"/>
</indexColumnUsage>
</ind_PK_UK>
</indexes>
</Table>