<?xml version = '1.0' encoding = 'UTF-8'?>
<Table class="oracle.dbtools.crest.model.design.relational.Table" directorySegmentName="seg_0" id="DD1FA918-AC19-45EA-4B94-3A5B3E5E1EC8" name="AtencionMedica">
<createdBy>TI WEB</createdBy>
<createdTime>2025-09-16 01:31:14 UTC</createdTime>
<generatorID>9F5CBEF4-A6F3-F149-D520-48312B175BCD</generatorID>
<ownerDesignName>Salud</ownerDesignName>
<allowColumnReorder>false</allowColumnReorder>
<existDependencyGenerateInDDl>true</existDependencyGenerateInDDl>
<parsed>true</parsed>
<columns itemClass="oracle.dbtools.crest.model.design.relational.Column">
<Column name="idAtencion" id="1F599868-03C8-A3B7-1ADA-B7D1FBDBFF24">
<createdBy>TI WEB</createdBy>
<createdTime>2025-09-16 01:31:14 UTC</createdTime>
<generatorID>CE680848-7305-8DA2-14AE-6C0C3E21F54E</generatorID>
<ownerDesignName>Salud</ownerDesignName>
<useDomainConstraints>false</useDomainConstraints>
<use>1</use>
<logicalDatatype>LOGDT024</logicalDatatype>
<dataTypeSize>10 CHAR</dataTypeSize>
<ownDataTypeParameters>10 CHAR,,</ownDataTypeParameters>
<autoIncrementCycle>false</autoIncrementCycle>
</Column>
<Column name="fecha" id="2AEFDAD1-1C47-C06E-8C37-767A101CFF40">
<createdBy>TI WEB</createdBy>
<createdTime>2025-09-16 01:31:14 UTC</createdTime>
<generatorID>921744DC-0B7D-390A-BD01-685318EC62DC</generatorID>
<ownerDesignName>Salud</ownerDesignName>
<nullsAllowed>true</nullsAllowed>
<useDomainConstraints>false</useDomainConstraints>
<use>1</use>
<logicalDatatype>LOGDT007</logicalDatatype>
<ownDataTypeParameters>,,</ownDataTypeParameters>
<autoIncrementCycle>false</autoIncrementCycle>
</Column>
<Column name="hora" id="77EF16BF-E745-AE97-DE3D-01B5A810BA8A">
<createdBy>TI WEB</createdBy>
<createdTime>2025-09-16 01:31:14 UTC</createdTime>
<generatorID>01D42F48-DE53-5348-86A3-3C2B045090E9</generatorID>
<ownerDesignName>Salud</ownerDesignName>
<nullsAllowed>true</nullsAllowed>
<useDomainConstraints>false</useDomainConstraints>
<use>1</use>
<logicalDatatype>LOGDT014</logicalDatatype>
<ownDataTypeParameters>,,</ownDataTypeParameters>
<autoIncrementCycle>false</autoIncrementCycle>
</Column>
<Column name="tipo" id="BAACD0BA-3304-FB43-2B23-659178540559">
<createdBy>TI WEB</createdBy>
<createdTime>2025-09-16 01:31:14 UTC</createdTime>
<generatorID>9C9187B1-5569-BE1D-1148-0565ECC0ABD4</generatorID>
<ownerDesignName>Salud</ownerDesignName>
<nullsAllowed>true</nullsAllowed>
<useDomainConstraints>false</useDomainConstraints>
<use>1</use>
<logicalDatatype>LOGDT024</logicalDatatype>
<dataTypeSize>10 CHAR</dataTypeSize>
<ownDataTypeParameters>10 CHAR,,</ownDataTypeParameters>
<autoIncrementCycle>false</autoIncrementCycle>
</Column>
<Column name="diagnostico" id="B54D2D72-E074-40C5-6389-D01B2451860A">
<createdBy>TI WEB</createdBy>
<createdTime>2025-09-16 01:31:14 UTC</createdTime>
<generatorID>FA2EDA46-560B-A521-3E47-3E4631B3D942</generatorID>
<ownerDesignName>Salud</ownerDesignName>
<nullsAllowed>true</nullsAllowed>
<useDomainConstraints>false</useDomainConstraints>
<use>1</use>
<logicalDatatype>LOGDT024</logicalDatatype>
<dataTypeSize>100 CHAR</dataTypeSize>
<ownDataTypeParameters>100 CHAR,,</ownDataTypeParameters>
<autoIncrementCycle>false</autoIncrementCycle>
</Column>
<Column name="Paciente_rutPaciente" id="61DE4638-4C2F-7DE0-512E-809206A3DB21">
<createdBy>TI WEB</createdBy>
<createdTime>2025-09-16 01:31:14 UTC</createdTime>
<generatorID>BBD133AF-39D6-9702-3B55-988F49AE56D3</generatorID>
<ownerDesignName>Salud</ownerDesignName>
<useDomainConstraints>false</useDomainConstraints>
<use>1</use>
<logicalDatatype>LOGDT019</logicalDatatype>
<dataTypePrecision>10</dataTypePrecision>
<ownDataTypeParameters>,,</ownDataTypeParameters>
<previousColumn>false</previousColumn>
<autoIncrementCycle>false</autoIncrementCycle>
<associations>
<colAssociation fkAssociation="EFFB70D8-D21C-3F4E-11A9-F3A3D1FCCB64" referredColumn="6C2162A0-00AC-70CF-3CED-EC2B4D60AA5F"/>
</associations>
</Column>
<Column name="Medico_rutMedico" id="0354DB8C-10F7-89B5-6EC5-3B04F2EFEA77">
<createdBy>TI WEB</createdBy>
<createdTime>2025-09-16 01:31:14 UTC</createdTime>
<generatorID>A87CDBCA-9D15-B4FF-E96D-77B42322D1F7</generatorID>
<ownerDesignName>Salud</ownerDesignName>
<useDomainConstraints>false</useDomainConstraints>
<use>1</use>
<logicalDatatype>LOGDT024</logicalDatatype>
<dataTypeSize>10 CHAR</dataTypeSize>
<ownDataTypeParameters>,,</ownDataTypeParameters>
<previousColumn>false</previousColumn>
<autoIncrementCycle>false</autoIncrementCycle>
<associations>
<colAssociation fkAssociation="652CC05C-0EE7-6763-B6FF-64EB8AA6E1D6" referredColumn="1C4F8792-CFCA-A323-E992-ABFD7FFB3226"/>
</associations>
</Column>
<Column name="Examen_idExamen" id="050A4D66-8291-057E-790C-A50AA29833DC">
<createdBy>TI WEB</createdBy>
<createdTime>2025-09-16 01:31:14 UTC</createdTime>
<generatorID>E3261895-B8DB-B860-F943-FFBE56EE8885</generatorID>
<ownerDesignName>Salud</ownerDesignName>
<useDomainConstraints>false</useDomainConstraints>
<use>1</use>
<logicalDatatype>LOGDT024</logicalDatatype>
<dataTypeSize>10 CHAR</dataTypeSize>
<ownDataTypeParameters>,,</ownDataTypeParameters>
<previousColumn>false</previousColumn>
<autoIncrementCycle>false</autoIncrementCycle>
<associations>
<colAssociation fkAssociation="C50CE7C3-00EA-38D1-0CAF-0FFC2FF81A5D" referredColumn="958E3D21-E0F5-1263-8A89-FC932D880166"/>
</associations>
</Column>
</columns>
<indexes itemClass="oracle.dbtools.crest.model.design.relational.Index">
<ind_PK_UK id="311B787F-31D6-91FD-2C6C-D44916A735EB" name="AtencionMedica_PK">
<createdBy>TI WEB</createdBy>
<createdTime>2025-09-16 01:31:14 UTC</createdTime>
<generatorID>9F19D705-0E2D-F1AC-F72E-F3D1EFA18531</generatorID>
<ownerDesignName>Salud</ownerDesignName>
<pk>true</pk>
<indexState>Primary Constraint</indexState>
<isSurrogateKey>false</isSurrogateKey>
<indexColumnUsage>
<colUsage columnID="1F599868-03C8-A3B7-1ADA-B7D1FBDBFF24"/>
</indexColumnUsage>
</ind_PK_UK>
<ind_PK_UK id="5D074027-BE31-C74A-4219-D3EC9BF8DCB5" name="AtencionMedica_Paciente_FK">
<createdBy>TI WEB</createdBy>
<createdTime>2025-09-16 01:31:14 UTC</createdTime>
<generatorID>F44E3AEF-6039-4B78-3478-611D2F681814</generatorID>
<ownerDesignName>Salud</ownerDesignName>
<indexState>Foreign Key</indexState>
<isSurrogateKey>false</isSurrogateKey>
<indexColumnUsage>
<colUsage columnID="61DE4638-4C2F-7DE0-512E-809206A3DB21"/>
</indexColumnUsage>
</ind_PK_UK>
<ind_PK_UK id="AE208D24-867A-3468-150F-C95B4062B18D" name="AtencionMedica_Medico_FK">
<createdBy>TI WEB</createdBy>
<createdTime>2025-09-16 01:31:14 UTC</createdTime>
<generatorID>ECA4E59D-5BFD-33FE-1CDF-996B9EA83FC8</generatorID>
<ownerDesignName>Salud</ownerDesignName>
<indexState>Foreign Key</indexState>
<isSurrogateKey>false</isSurrogateKey>
<indexColumnUsage>
<colUsage columnID="0354DB8C-10F7-89B5-6EC5-3B04F2EFEA77"/>
</indexColumnUsage>
</ind_PK_UK>
<ind_PK_UK id="0C372991-4072-86B1-5D5E-97BB3E7CFD66" name="AtencionMedica_Examen_FK">
<createdBy>TI WEB</createdBy>
<createdTime>2025-09-16 01:31:14 UTC</createdTime>
<generatorID>4E05DC6C-EC9C-D361-DA39-DF757E7C5AEA</generatorID>
<ownerDesignName>Salud</ownerDesignName>
<indexState>Foreign Key</indexState>
<isSurrogateKey>false</isSurrogateKey>
<indexColumnUsage>
<colUsage columnID="050A4D66-8291-057E-790C-A50AA29833DC"/>
</indexColumnUsage>
</ind_PK_UK>
</indexes>
</Table>