<?xml version = '1.0' encoding = 'UTF-8'?>
<Table class="oracle.dbtools.crest.model.design.relational.Table" directorySegmentName="seg_0" id="EB12236B-30C1-D6F1-A8B0-409BED85BD34" name="SolicitudExamen">
<createdBy>TI WEB</createdBy>
<createdTime>2025-09-16 01:31:14 UTC</createdTime>
<generatorID>A0A4B638-A499-B9BA-D9EE-3B1A136ABDD1</generatorID>
<ownerDesignName>Salud</ownerDesignName>
<allowColumnReorder>false</allowColumnReorder>
<existDependencyGenerateInDDl>true</existDependencyGenerateInDDl>
<parsed>true</parsed>
<columns itemClass="oracle.dbtools.crest.model.design.relational.Column">
<Column name="SolicitudExamen_ID" id="06EA6301-8B4A-59BC-F668-09E46B744ECF">
<createdBy>TI WEB</createdBy>
<createdTime>2025-09-16 01:33:20 UTC</createdTime>
<ownerDesignName>Salud</ownerDesignName>
<useDomainConstraints>false</useDomainConstraints>
<use>1</use>
<logicalDatatype>LOGDT019</logicalDatatype>
<ownDataTypeParameters>,,</ownDataTypeParameters>
<autoIncrementColumn>true</autoIncrementColumn>
<identityColumn>true</identityColumn>
<autoIncrementCycle>false</autoIncrementCycle>
<isSurrogateColumn>true</isSurrogateColumn>
</Column>
<Column name="idSolicitud" id="5D91ED9B-17A4-45BA-1944-85113C7BFA2B">
<createdBy>TI WEB</createdBy>
<createdTime>2025-09-16 01:31:14 UTC</createdTime>
<generatorID>24866BF8-7ED8-BDE4-CE59-D48F54822F77</generatorID>
<ownerDesignName>Salud</ownerDesignName>
<useDomainConstraints>false</useDomainConstraints>
<use>1</use>
<logicalDatatype>LOGDT024</logicalDatatype>
<dataTypeSize>10 CHAR</dataTypeSize>
<ownDataTypeParameters>10 CHAR,,</ownDataTypeParameters>
<autoIncrementCycle>false</autoIncrementCycle>
</Column>
<Column name="resultado" id="FE3AF4E3-3A09-66BE-FE96-AD2579201074">
<createdBy>TI WEB</createdBy>
<createdTime>2025-09-16 01:31:14 UTC</createdTime>
<generatorID>9E2C515B-6489-1239-7BB3-1ABB5BB12614</generatorID>
<ownerDesignName>Salud</ownerDesignName>
<nullsAllowed>true</nullsAllowed>
<useDomainConstraints>false</useDomainConstraints>
<use>1</use>
<logicalDatatype>LOGDT024</logicalDatatype>
<dataTypeSize>500 CHAR</dataTypeSize>
<ownDataTypeParameters>500 CHAR,,</ownDataTypeParameters>
<autoIncrementCycle>false</autoIncrementCycle>
</Column>
<Column name="Medico_rutMedico" id="135B687E-2684-B846-C1DF-DFE03B0BA63B">
<createdBy>TI WEB</createdBy>
<createdTime>2025-09-16 01:33:20 UTC</createdTime>
<generatorID>70AD49FF-4217-E39D-2146-264F08A819B0</generatorID>
<ownerDesignName>Salud</ownerDesignName>
<useDomainConstraints>false</useDomainConstraints>
<use>1</use>
<logicalDatatype>LOGDT024</logicalDatatype>
<dataTypeSize>10 CHAR</dataTypeSize>
<ownDataTypeParameters>,,</ownDataTypeParameters>
<previousColumn>false</previousColumn>
<autoIncrementCycle>false</autoIncrementCycle>
<associations>
<colAssociation fkAssociation="6B09EFAB-0D85-6892-D95D-A872DB885053" referredColumn="1C4F8792-CFCA-A323-E992-ABFD7FFB3226"/>
</associations>
</Column>
</columns>
<indexes itemClass="oracle.dbtools.crest.model.design.relational.Index">
<ind_PK_UK id="7C50C4E8-E174-41DA-A600-276EEA2D34B9" name="SolicitudExamen_PK">
<createdBy>TI WEB</createdBy>
<createdTime>2025-09-16 01:33:20 UTC</createdTime>
<ownerDesignName>Salud</ownerDesignName>
<pk>true</pk>
<indexState>Primary Constraint</indexState>
<indexColumnUsage>
<colUsage columnID="06EA6301-8B4A-59BC-F668-09E46B744ECF"/>
</indexColumnUsage>
</ind_PK_UK>
<ind_PK_UK id="DCDD95FD-0C15-2384-50F7-424DB31B0C48" name="SolicitudExamen_idSolicitud_UN">
<createdBy>TI WEB</createdBy>
<createdTime>2025-09-16 01:39:47 UTC</createdTime>
<generatorID>DFA23693-38D3-86C5-C697-8346308E8C6D</generatorID>
<ownerDesignName>Salud</ownerDesignName>
<indexState>Unique Constraint</indexState>
<isSurrogateKey>false</isSurrogateKey>
<indexColumnUsage>
<colUsage columnID="5D91ED9B-17A4-45BA-1944-85113C7BFA2B"/>
</indexColumnUsage>
</ind_PK_UK>
<ind_PK_UK id="57E5DCF4-936D-5615-65B0-48E9A1548821" name="SolicitudExamen_Medico_FK">
<createdBy>TI WEB</createdBy>
<createdTime>2025-09-16 01:33:20 UTC</createdTime>
<generatorID>AB6C49DB-CE7D-E2CB-E5DD-1D4CA63A1EB3</generatorID>
<ownerDesignName>Salud</ownerDesignName>
<indexState>Foreign Key</indexState>
<isSurrogateKey>false</isSurrogateKey>
<indexColumnUsage>
<colUsage columnID="135B687E-2684-B846-C1DF-DFE03B0BA63B"/>
</indexColumnUsage>
</ind_PK_UK>
</indexes>
</Table>