<?xml version = '1.0' encoding = 'UTF-8'?>
<Table class="oracle.dbtools.crest.model.design.relational.Table" directorySegmentName="seg_0" id="EE2EFF74-9B84-8F61-4293-1E7FE4CE0D97" name="PagoAtencion">
<createdBy>TI WEB</createdBy>
<createdTime>2025-09-16 01:31:14 UTC</createdTime>
<generatorID>9BDDEA74-3448-ABC9-9F53-CD3B069BAA18</generatorID>
<ownerDesignName>Salud</ownerDesignName>
<allowColumnReorder>false</allowColumnReorder>
<existDependencyGenerateInDDl>true</existDependencyGenerateInDDl>
<parsed>true</parsed>
<columns itemClass="oracle.dbtools.crest.model.design.relational.Column">
<Column name="idPago" id="B2DEC0C5-B903-FC29-C011-EDC3D5610AE0">
<createdBy>TI WEB</createdBy>
<createdTime>2025-09-16 01:31:14 UTC</createdTime>
<generatorID>B36723A3-9756-BC26-46D1-6DEE71151523</generatorID>
<ownerDesignName>Salud</ownerDesignName>
<useDomainConstraints>false</useDomainConstraints>
<use>1</use>
<logicalDatatype>LOGDT024</logicalDatatype>
<dataTypeSize>10 CHAR</dataTypeSize>
<ownDataTypeParameters>10 CHAR,,</ownDataTypeParameters>
<autoIncrementCycle>false</autoIncrementCycle>
</Column>
<Column name="monto" id="0D015181-4009-F0AA-8D85-6DE9849563AB">
<createdBy>TI WEB</createdBy>
<createdTime>2025-09-16 01:31:14 UTC</createdTime>
<generatorID>0C5233C6-C9E3-F4B2-8C1F-B316A3F4B41A</generatorID>
<ownerDesignName>Salud</ownerDesignName>
<useDomainConstraints>false</useDomainConstraints>
<use>1</use>
<logicalDatatype>LOGDT024</logicalDatatype>
<dataTypeSize>100 CHAR</dataTypeSize>
<ownDataTypeParameters>100 CHAR,,</ownDataTypeParameters>
<autoIncrementCycle>false</autoIncrementCycle>
</Column>
<Column name="tipoPago" id="EDC4CCB9-762D-870C-0D97-2B648BEA8F1F">
<createdBy>TI WEB</createdBy>
<createdTime>2025-09-16 01:31:14 UTC</createdTime>
<generatorID>41B2386D-8432-D478-6B50-63AF29107199</generatorID>
<ownerDesignName>Salud</ownerDesignName>
<nullsAllowed>true</nullsAllowed>
<useDomainConstraints>false</useDomainConstraints>
<use>1</use>
<logicalDatatype>LOGDT024</logicalDatatype>
<dataTypeSize>10 CHAR</dataTypeSize>
<ownDataTypeParameters>10 CHAR,,</ownDataTypeParameters>
<autoIncrementCycle>false</autoIncrementCycle>
</Column>
<Column name="AtencionMedica_idAtencion" id="9D80904C-587A-D203-972C-E6667BDAAC60">
<createdBy>TI WEB</createdBy>
<createdTime>2025-09-16 01:31:14 UTC</createdTime>
<generatorID>265204FD-AF4E-E59B-7792-495DB8C210DE</generatorID>
<ownerDesignName>Salud</ownerDesignName>
<useDomainConstraints>false</useDomainConstraints>
<use>1</use>
<logicalDatatype>LOGDT024</logicalDatatype>
<dataTypeSize>10 CHAR</dataTypeSize>
<ownDataTypeParameters>,,</ownDataTypeParameters>
<previousColumn>false</previousColumn>
<autoIncrementCycle>false</autoIncrementCycle>
<associations>
<colAssociation fkAssociation="B0223B67-D31A-E02B-A975-F2C1E23EA53B" referredColumn="1F599868-03C8-A3B7-1ADA-B7D1FBDBFF24"/>
</associations>
</Column>
</columns>
<indexes itemClass="oracle.dbtools.crest.model.design.relational.Index">
<ind_PK_UK id="C0E9C909-29DF-DC6F-A726-1E3696AD1A74" name="PagoAtencion_PK">
<createdBy>TI WEB</createdBy>
<createdTime>2025-09-16 01:31:14 UTC</createdTime>
<generatorID>48BF7AE7-BA5D-58B4-1F31-DC34881E1362</generatorID>
<ownerDesignName>Salud</ownerDesignName>
<pk>true</pk>
<indexState>Primary Constraint</indexState>
<isSurrogateKey>false</isSurrogateKey>
<indexColumnUsage>
<colUsage columnID="B2DEC0C5-B903-FC29-C011-EDC3D5610AE0"/>
</indexColumnUsage>
</ind_PK_UK>
<ind_PK_UK id="C23CD918-7C60-3D3C-4CB0-777A18DDC30D" name="PagoAtencion__IDX">
<createdBy>TI WEB</createdBy>
<createdTime>2025-09-16 01:31:14 UTC</createdTime>
<ownerDesignName>Salud</ownerDesignName>
<indexState>Unique Plain Index</indexState>
<isSurrogateKey>false</isSurrogateKey>
<relationGeneratorID>B0DF74D3-4B79-6682-C943-EE25971F40D8</relationGeneratorID>
<indexColumnUsage>
<colUsage columnID="9D80904C-587A-D203-972C-E6667BDAAC60"/>
</indexColumnUsage>
</ind_PK_UK>
<ind_PK_UK id="CC09799F-2977-059E-CE4F-BDD257ABA5FB" name="PagoAtencion_AtencionMedica_FK">
<createdBy>TI WEB</createdBy>
<createdTime>2025-09-16 01:31:14 UTC</createdTime>
<generatorID>B0DF74D3-4B79-6682-C943-EE25971F40D8</generatorID>
<ownerDesignName>Salud</ownerDesignName>
<indexState>Foreign Key</indexState>
<isSurrogateKey>false</isSurrogateKey>
<indexColumnUsage>
<colUsage columnID="9D80904C-587A-D203-972C-E6667BDAAC60"/>
</indexColumnUsage>
</ind_PK_UK>
</indexes>
</Table>