<?xml version = '1.0' encoding = 'UTF-8'?>
<Table class="oracle.dbtools.crest.model.design.relational.Table" directorySegmentName="seg_0" id="FB5091CB-9B1C-9760-F73A-E4A26AEBECF3" name="Especialidad">
<createdBy>TI WEB</createdBy>
<createdTime>2025-09-16 01:31:14 UTC</createdTime>
<generatorID>ED0AA4C2-F523-B6D3-EF99-3522E5F5DB61</generatorID>
<ownerDesignName>Salud</ownerDesignName>
<allowColumnReorder>false</allowColumnReorder>
<existDependencyGenerateInDDl>true</existDependencyGenerateInDDl>
<parsed>true</parsed>
<columns itemClass="oracle.dbtools.crest.model.design.relational.Column">
<Column name="idEspecialidad" id="0BE5CC2C-C5BC-03FA-E963-EE207EA990A1">
<createdBy>TI WEB</createdBy>
<createdTime>2025-09-16 01:31:14 UTC</createdTime>
<generatorID>25AC4D4B-6899-FEEA-CBAE-24615286F7C9</generatorID>
<ownerDesignName>Salud</ownerDesignName>
<useDomainConstraints>false</useDomainConstraints>
<use>1</use>
<logicalDatatype>LOGDT024</logicalDatatype>
<dataTypeSize>10 CHAR</dataTypeSize>
<ownDataTypeParameters>10 CHAR,,</ownDataTypeParameters>
<autoIncrementCycle>false</autoIncrementCycle>
</Column>
<Column name="nombre" id="60D790C6-BDBB-39E4-4F93-33E578DD7FE5">
<createdBy>TI WEB</createdBy>
<createdTime>2025-09-16 01:31:14 UTC</createdTime>
<generatorID>5EC84A86-D3FC-A2B7-5059-CC1C67F0EB83</generatorID>
<ownerDesignName>Salud</ownerDesignName>
<nullsAllowed>true</nullsAllowed>
<useDomainConstraints>false</useDomainConstraints>
<use>1</use>
<logicalDatatype>LOGDT024</logicalDatatype>
<dataTypeSize>50 CHAR</dataTypeSize>
<ownDataTypeParameters>50 CHAR,,</ownDataTypeParameters>
<autoIncrementCycle>false</autoIncrementCycle>
</Column>
<Column name="Medico_rutMedico" id="34B77278-2563-D6E0-D9EC-62ADCF105A2F">
<createdBy>TI WEB</createdBy>
<createdTime>2025-09-16 01:31:14 UTC</createdTime>
<generatorID>C0E10B7B-CC21-86F5-410A-28CC3AE31C2F</generatorID>
<ownerDesignName>Salud</ownerDesignName>
<useDomainConstraints>false</useDomainConstraints>
<use>1</use>
<logicalDatatype>LOGDT024</logicalDatatype>
<dataTypeSize>10 CHAR</dataTypeSize>
<ownDataTypeParameters>,,</ownDataTypeParameters>
<previousColumn>false</previousColumn>
<autoIncrementCycle>false</autoIncrementCycle>
<associations>
<colAssociation fkAssociation="2BD73135-74D8-0092-0A3E-B8CD37471948" referredColumn="1C4F8792-CFCA-A323-E992-ABFD7FFB3226"/>
</associations>
</Column>
</columns>
<indexes itemClass="oracle.dbtools.crest.model.design.relational.Index">
<ind_PK_UK id="E676F061-E3C2-B578-3DDD-62E46A2736CD" name="Especialidad_PK">
<createdBy>TI WEB</createdBy>
<createdTime>2025-09-16 01:31:14 UTC</createdTime>
<generatorID>0FC6DD95-DAEA-B0F2-DFB0-DA7F1EC38BE7</generatorID>
<ownerDesignName>Salud</ownerDesignName>
<pk>true</pk>
<indexState>Primary Constraint</indexState>
<isSurrogateKey>false</isSurrogateKey>
<indexColumnUsage>
<colUsage columnID="0BE5CC2C-C5BC-03FA-E963-EE207EA990A1"/>
</indexColumnUsage>
</ind_PK_UK>
<ind_PK_UK id="158C2FD4-E37C-5C60-984F-9B5914AC5FEA" name="Especialidad_Medico_FK">
<createdBy>TI WEB</createdBy>
<createdTime>2025-09-16 01:31:14 UTC</createdTime>
<generatorID>739FE6D5-6718-2006-F464-E999387BA57C</generatorID>
<ownerDesignName>Salud</ownerDesignName>
<indexState>Foreign Key</indexState>
<isSurrogateKey>false</isSurrogateKey>
<indexColumnUsage>
<colUsage columnID="34B77278-2563-D6E0-D9EC-62ADCF105A2F"/>
</indexColumnUsage>
</ind_PK_UK>
</indexes>
</Table>