<?xml version = '1.0' encoding = 'UTF-8'?>
<Table class="oracle.dbtools.crest.model.design.relational.Table" directorySegmentName="seg_0" id="FC511B53-A9D3-F1EF-10B0-85CA004B5739" name="Medico">
<createdBy>TI WEB</createdBy>
<createdTime>2025-09-16 01:31:14 UTC</createdTime>
<generatorID>8600D51A-E586-EB72-5692-A777D79AD932</generatorID>
<ownerDesignName>Salud</ownerDesignName>
<allowColumnReorder>false</allowColumnReorder>
<existDependencyGenerateInDDl>true</existDependencyGenerateInDDl>
<parsed>true</parsed>
<columns itemClass="oracle.dbtools.crest.model.design.relational.Column">
<Column name="rutMedico" id="1C4F8792-CFCA-A323-E992-ABFD7FFB3226">
<createdBy>TI WEB</createdBy>
<createdTime>2025-09-16 01:31:14 UTC</createdTime>
<generatorID>4A22DD82-6869-AB12-54C9-7B3F98F21B50</generatorID>
<ownerDesignName>Salud</ownerDesignName>
<useDomainConstraints>false</useDomainConstraints>
<use>1</use>
<logicalDatatype>LOGDT024</logicalDatatype>
<dataTypeSize>10 CHAR</dataTypeSize>
<ownDataTypeParameters>10 CHAR,,</ownDataTypeParameters>
<autoIncrementCycle>false</autoIncrementCycle>
</Column>
<Column name="nombreCompleto" id="FB07A287-18EA-EC21-F6DD-F91B766EAE9A">
<createdBy>TI WEB</createdBy>
<createdTime>2025-09-16 01:31:14 UTC</createdTime>
<generatorID>E25EF404-6A6A-016B-CBFB-EA2484FB6C1A</generatorID>
<ownerDesignName>Salud</ownerDesignName>
<nullsAllowed>true</nullsAllowed>
<useDomainConstraints>false</useDomainConstraints>
<use>1</use>
<logicalDatatype>LOGDT024</logicalDatatype>
<dataTypeSize>50 CHAR</dataTypeSize>
<ownDataTypeParameters>50 CHAR,,</ownDataTypeParameters>
<autoIncrementCycle>false</autoIncrementCycle>
</Column>
<Column name="fechaIngreso" id="911096F7-3B52-18AF-890B-5831B5F27E56">
<createdBy>TI WEB</createdBy>
<createdTime>2025-09-16 01:31:14 UTC</createdTime>
<generatorID>FA778F8C-F720-67B5-0292-FEEEBA463F48</generatorID>
<ownerDesignName>Salud</ownerDesignName>
<nullsAllowed>true</nullsAllowed>
<useDomainConstraints>false</useDomainConstraints>
<use>1</use>
<logicalDatatype>LOGDT007</logicalDatatype>
<ownDataTypeParameters>,,</ownDataTypeParameters>
<autoIncrementCycle>false</autoIncrementCycle>
</Column>
</columns>
<indexes itemClass="oracle.dbtools.crest.model.design.relational.Index">
<ind_PK_UK id="EDC54746-E354-EB4F-4C36-ABEB505C4337" name="Medico_PK">
<createdBy>TI WEB</createdBy>
<createdTime>2025-09-16 01:31:14 UTC</createdTime>
<generatorID>6A7595A6-E0BF-78A0-F88F-C2FA9B3346CA</generatorID>
<ownerDesignName>Salud</ownerDesignName>
<pk>true</pk>
<indexState>Primary Constraint</indexState>
<isSurrogateKey>false</isSurrogateKey>
<indexColumnUsage>
<colUsage columnID="1C4F8792-CFCA-A323-E992-ABFD7FFB3226"/>
</indexColumnUsage>
</ind_PK_UK>
</indexes>
</Table>