<?xml version = '1.0' encoding = 'UTF-8'?>
<Diagram class="oracle.dbtools.crest.swingui.relational.DPVRelational" name="Relational_1" id="3274E000-D174-3A98-5922-718064ED011A">
<createdBy>TI WEB</createdBy>
<modifiedBy>TI WEB</modifiedBy>
<createdTime>2025-09-16 01:31:14 UTC</createdTime>
<autoRoute>false</autoRoute>
<boxInbox>true</boxInbox>
<showLegend>false</showLegend>
<showLabels>false</showLabels>
<showRelAttributes>false</showRelAttributes>
<gridEnabled>false</gridEnabled>
<showGrid>false</showGrid>
<diagramColor>-1</diagramColor>
<display>false</display>
<notation>1</notation>
<objectViews>
<OView class="oracle.dbtools.crest.swingui.relational.TVTable" oid="11B6DC83-6A09-6476-BF44-BA2CA7E166C0" otype="Table" vid="0CC248DB-3355-6A2A-4AF2-CF9F91260B98">
<hideElementsInCurrentOnly>false</hideElementsInCurrentOnly>
<bounds x="732" y="349" width="249" height="118"/>
</OView>
<OView class="oracle.dbtools.crest.swingui.relational.TVTable" oid="249DC937-F642-AF09-0806-2043B0A6BBBA" otype="Table" vid="242AE2E0-B39A-F052-1EA6-243ECE553388">
<hideElementsInCurrentOnly>false</hideElementsInCurrentOnly>
<bounds x="458" y="180" width="239" height="118"/>
</OView>
<OView class="oracle.dbtools.crest.swingui.relational.TVTable" oid="8C599BFE-DC83-2D0C-A677-65C8F06EF01D" otype="Table" vid="F70C1840-CF53-277D-53CE-86E2E2745A0A">
<hideElementsInCurrentOnly>false</hideElementsInCurrentOnly>
<bounds x="1167" y="106" width="248" height="108"/>
</OView>
<OView class="oracle.dbtools.crest.swingui.relational.TVTable" oid="A0220E88-6F4B-4F0B-6015-45E7E21EBF3E" otype="Table" vid="8203B49A-5DD2-9D1F-6795-6A6DC5151AE6">
<hideElementsInCurrentOnly>false</hideElementsInCurrentOnly>
<bounds x="50" y="587" width="287" height="135"/>
</OView>
<OView class="oracle.dbtools.crest.swingui.relational.TVTable" oid="A232C565-E068-9D68-488A-6B87515EE088" otype="Table" vid="DA669359-FC99-C9DB-DE3E-404299AD64A4">
<hideElementsInCurrentOnly>false</hideElementsInCurrentOnly>
<bounds x="24" y="13" width="348" height="184"/>
</OView>
<OView class="oracle.dbtools.crest.swingui.relational.TVTable" oid="DD1FA918-AC19-45EA-4B94-3A5B3E5E1EC8" otype="Table" vid="739B6370-1062-49BB-8076-BC1704679061">
<hideElementsInCurrentOnly>false</hideElementsInCurrentOnly>
<bounds x="43" y="317" width="269" height="216"/>
</OView>
<OView class="oracle.dbtools.crest.swingui.relational.TVTable" oid="EB12236B-30C1-D6F1-A8B0-409BED85BD34" otype="Table" vid="8690C30F-A897-ABDA-7550-029C4AF6F61B">
<hideElementsInCurrentOnly>false</hideElementsInCurrentOnly>
<bounds x="519" y="23" width="260" height="140"/>
</OView>
<OView class="oracle.dbtools.crest.swingui.relational.TVTable" oid="EE2EFF74-9B84-8F61-4293-1E7FE4CE0D97" otype="Table" vid="DF174966-E91C-AFF4-CF8E-0A2093B1FF7D">
<hideElementsInCurrentOnly>false</hideElementsInCurrentOnly>
<bounds x="536" y="602" width="314" height="147"/>
</OView>
<OView class="oracle.dbtools.crest.swingui.relational.TVTable" oid="FB5091CB-9B1C-9760-F73A-E4A26AEBECF3" otype="Table" vid="CB535EB5-4E3F-BBC9-F9C9-D969172FECF5">
<hideElementsInCurrentOnly>false</hideElementsInCurrentOnly>
<bounds x="1141" y="328" width="268" height="131"/>
</OView>
<OView class="oracle.dbtools.crest.swingui.relational.TVTable" oid="FC511B53-A9D3-F1EF-10B0-85CA004B5739" otype="Table" vid="52858460-F30B-8586-23B2-01B2BAC416E5">
<hideElementsInCurrentOnly>false</hideElementsInCurrentOnly>
<bounds x="840" y="194" width="246" height="87"/>
</OView>
</objectViews>
<connectors>
<Connector class="oracle.dbtools.crest.swingui.relational.TVFKRelation" oid="0966F892-8889-D932-50BD-AFD949897F36" otype="FKIndexAssociation" vid_source="DA669359-FC99-C9DB-DE3E-404299AD64A4" vid_target="242AE2E0-B39A-F052-1EA6-243ECE553388">
<hideElementsInCurrentOnly>false</hideElementsInCurrentOnly>
<backgroundColor>-16777216</backgroundColor>
<lineWidth>1</lineWidth>
<points>
<point x="372" y="188"/>
<point x="458" y="188"/>
</points>
</Connector>
<Connector class="oracle.dbtools.crest.swingui.relational.TVFKRelation" oid="2BD73135-74D8-0092-0A3E-B8CD37471948" otype="FKIndexAssociation" vid_source="52858460-F30B-8586-23B2-01B2BAC416E5" vid_target="CB535EB5-4E3F-BBC9-F9C9-D969172FECF5">
<hideElementsInCurrentOnly>false</hideElementsInCurrentOnly>
<backgroundColor>-16777216</backgroundColor>
<lineWidth>1</lineWidth>
<points>
<point x="1050" y="281"/>
<point x="1144" y="328"/>
</points>
</Connector>
<Connector class="oracle.dbtools.crest.swingui.relational.TVFKRelation" oid="5126A7C1-EEB3-4C6B-53DA-7CD4D20C0E70" otype="FKIndexAssociation" vid_source="739B6370-1062-49BB-8076-BC1704679061" vid_target="8203B49A-5DD2-9D1F-6795-6A6DC5151AE6">
<hideElementsInCurrentOnly>false</hideElementsInCurrentOnly>
<backgroundColor>-16777216</backgroundColor>
<lineWidth>1</lineWidth>
<points>
<point x="181" y="533"/>
<point x="181" y="587"/>
</points>
</Connector>
<Connector class="oracle.dbtools.crest.swingui.relational.TVFKRelation" oid="652CC05C-0EE7-6763-B6FF-64EB8AA6E1D6" otype="FKIndexAssociation" vid_source="52858460-F30B-8586-23B2-01B2BAC416E5" vid_target="739B6370-1062-49BB-8076-BC1704679061">
<hideElementsInCurrentOnly>false</hideElementsInCurrentOnly>
<backgroundColor>-16777216</backgroundColor>
<lineWidth>1</lineWidth>
<points>
<point x="840" y="266"/>
<point x="312" y="392"/>
</points>
</Connector>
<Connector class="oracle.dbtools.crest.swingui.relational.TVFKRelation" oid="6B09EFAB-0D85-6892-D95D-A872DB885053" otype="FKIndexAssociation" vid_source="52858460-F30B-8586-23B2-01B2BAC416E5" vid_target="8690C30F-A897-ABDA-7550-029C4AF6F61B">
<hideElementsInCurrentOnly>false</hideElementsInCurrentOnly>
<backgroundColor>-16777216</backgroundColor>
<lineWidth>1</lineWidth>
<points>
<point x="868" y="194"/>
<point x="779" y="152"/>
</points>
</Connector>
<Connector class="oracle.dbtools.crest.swingui.relational.TVFKRelation" oid="B0223B67-D31A-E02B-A975-F2C1E23EA53B" otype="FKIndexAssociation" vid_source="739B6370-1062-49BB-8076-BC1704679061" vid_target="DF174966-E91C-AFF4-CF8E-0A2093B1FF7D">
<hideElementsInCurrentOnly>false</hideElementsInCurrentOnly>
<backgroundColor>-16777216</backgroundColor>
<lineWidth>1</lineWidth>
<points>
<point x="312" y="490"/>
<point x="541" y="602"/>
</points>
</Connector>
<Connector class="oracle.dbtools.crest.swingui.relational.TVFKRelation" oid="C50CE7C3-00EA-38D1-0CAF-0FFC2FF81A5D" otype="FKIndexAssociation" vid_source="8203B49A-5DD2-9D1F-6795-6A6DC5151AE6" vid_target="739B6370-1062-49BB-8076-BC1704679061">
<hideElementsInCurrentOnly>false</hideElementsInCurrentOnly>
<backgroundColor>-16777216</backgroundColor>
<lineWidth>1</lineWidth>
<points>
<point x="196" y="587"/>
<point x="196" y="533"/>
</points>
</Connector>
<Connector class="oracle.dbtools.crest.swingui.relational.TVFKRelation" oid="D0A45043-3CD4-AE5C-F5F0-5FC8AC70FB30" otype="FKIndexAssociation" vid_source="52858460-F30B-8586-23B2-01B2BAC416E5" vid_target="0CC248DB-3355-6A2A-4AF2-CF9F91260B98">
<hideElementsInCurrentOnly>false</hideElementsInCurrentOnly>
<backgroundColor>-16777216</backgroundColor>
<lineWidth>1</lineWidth>
<points>
<point x="910" y="281"/>
<point x="910" y="349"/>
</points>
</Connector>
<Connector class="oracle.dbtools.crest.swingui.relational.TVFKRelation" oid="E097CD6E-B230-947B-5393-9D4D94933100" otype="FKIndexAssociation" vid_source="52858460-F30B-8586-23B2-01B2BAC416E5" vid_target="F70C1840-CF53-277D-53CE-86E2E2745A0A">
<hideElementsInCurrentOnly>false</hideElementsInCurrentOnly>
<backgroundColor>-16777216</backgroundColor>
<lineWidth>1</lineWidth>
<points>
<point x="1086" y="204"/>
<point x="1167" y="204"/>
</points>
</Connector>
<Connector class="oracle.dbtools.crest.swingui.relational.TVFKRelation" oid="EAC5B358-585C-4565-9711-28BF75531F9F" otype="FKIndexAssociation" vid_source="8690C30F-A897-ABDA-7550-029C4AF6F61B" vid_target="DA669359-FC99-C9DB-DE3E-404299AD64A4">
<hideElementsInCurrentOnly>false</hideElementsInCurrentOnly>
<backgroundColor>-16777216</backgroundColor>
<lineWidth>1</lineWidth>
<points>
<point x="519" y="93"/>
<point x="372" y="93"/>
</points>
</Connector>
<Connector class="oracle.dbtools.crest.swingui.relational.TVFKRelation" oid="EFFB70D8-D21C-3F4E-11A9-F3A3D1FCCB64" otype="FKIndexAssociation" vid_source="DA669359-FC99-C9DB-DE3E-404299AD64A4" vid_target="739B6370-1062-49BB-8076-BC1704679061">
<hideElementsInCurrentOnly>false</hideElementsInCurrentOnly>
<backgroundColor>-16777216</backgroundColor>
<lineWidth>1</lineWidth>
<points>
<point x="177" y="197"/>
<point x="177" y="317"/>
</points>
</Connector>
</connectors>
</Diagram>