<?xml version = '1.0' encoding = 'UTF-8'?>
<Diagram class="oracle.dbtools.crest.swingui.logical.DPVLogical" name="Logical" id="310AF001-A228-28A4-4BFE-45584CFCA938">
<createdBy>TI WEB</createdBy>
<modifiedBy>TI WEB</modifiedBy>
<createdTime>2025-09-16 00:58:11 UTC</createdTime>
<autoRoute>false</autoRoute>
<boxInbox>true</boxInbox>
<showLegend>false</showLegend>
<showLabels>false</showLabels>
<showRelAttributes>false</showRelAttributes>
<gridEnabled>false</gridEnabled>
<showGrid>false</showGrid>
<diagramColor>-1</diagramColor>
<display>false</display>
<notation>1</notation>
<objectViews>
<OView class="oracle.dbtools.crest.swingui.logical.TVEntity" oid="79407C9E-56E5-889D-45E6-461354058D92" otype="Entity" vid="C759943F-978F-CBD5-3651-8E1AA681BA3B">
<hideElementsInCurrentOnly>false</hideElementsInCurrentOnly>
<bounds x="411" y="343" width="129" height="73"/>
</OView>
<OView class="oracle.dbtools.crest.swingui.logical.TVEntity" oid="8600D51A-E586-EB72-5692-A777D79AD932" otype="Entity" vid="0B59BA93-6DE4-0C7A-45FC-136F1FDBBEB0">
<hideElementsInCurrentOnly>false</hideElementsInCurrentOnly>
<bounds x="396" y="175" width="111" height="123"/>
</OView>
<OView class="oracle.dbtools.crest.swingui.logical.TVEntity" oid="9BDDEA74-3448-ABC9-9F53-CD3B069BAA18" otype="Entity" vid="B086427E-95BC-7BB2-51FC-F43D14B872E8">
<hideElementsInCurrentOnly>false</hideElementsInCurrentOnly>
<bounds x="344" y="427" width="136" height="106"/>
</OView>
<OView class="oracle.dbtools.crest.swingui.logical.TVEntity" oid="9F5CBEF4-A6F3-F149-D520-48312B175BCD" otype="Entity" vid="B0FF3AA2-1CFA-3B08-8D34-3E74AE5A1647">
<hideElementsInCurrentOnly>false</hideElementsInCurrentOnly>
<bounds x="38" y="217" width="122" height="111"/>
</OView>
<OView class="oracle.dbtools.crest.swingui.logical.TVEntity" oid="A0A4B638-A499-B9BA-D9EE-3B1A136ABDD1" otype="Entity" vid="C0E488ED-DD2B-CCC4-3ABA-1093919B54FC">
<hideElementsInCurrentOnly>false</hideElementsInCurrentOnly>
<bounds x="379" y="14" width="159" height="118"/>
</OView>
<OView class="oracle.dbtools.crest.swingui.logical.TVEntity" oid="A42910E5-BDAD-E2F7-E2A5-FEF3015B9B27" otype="Entity" vid="25F25458-1C07-8B29-D548-B351E11B5EBA">
<hideElementsInCurrentOnly>false</hideElementsInCurrentOnly>
<bounds x="662" y="102" width="124" height="142"/>
</OView>
<OView class="oracle.dbtools.crest.swingui.logical.TVEntity" oid="D9C18EFE-F9E1-0EAD-E570-F3F627A2366B" otype="Entity" vid="6F7C87BF-307B-8EFB-5A7D-70A209C2FA65">
<hideElementsInCurrentOnly>false</hideElementsInCurrentOnly>
<bounds x="24" y="13" width="148" height="139"/>
</OView>
<OView class="oracle.dbtools.crest.swingui.logical.TVEntity" oid="E4BDE26B-ECF2-8A8F-C891-051E7F54C010" otype="Entity" vid="E2B2D964-4E5A-FD37-9445-5A260DC0CA3D">
<hideElementsInCurrentOnly>false</hideElementsInCurrentOnly>
<bounds x="38" y="437" width="149" height="132"/>
</OView>
<OView class="oracle.dbtools.crest.swingui.logical.TVEntity" oid="ED0AA4C2-F523-B6D3-EF99-3522E5F5DB61" otype="Entity" vid="E9146E5A-3012-6A4B-1CAB-DFAAEF2AB4DB">
<hideElementsInCurrentOnly>false</hideElementsInCurrentOnly>
<bounds x="637" y="324" width="111" height="110"/>
</OView>
<OView class="oracle.dbtools.crest.swingui.logical.TVEntity" oid="F9300F9C-242C-E307-E51A-8A9C12F26E07" otype="Entity" vid="72B9E971-C9F9-C061-1E34-2DC1BB7E5444">
<hideElementsInCurrentOnly>false</hideElementsInCurrentOnly>
<bounds x="222" y="127" width="95" height="111"/>
</OView>
</objectViews>
<connectors>
<Connector class="oracle.dbtools.crest.swingui.logical.TVRelation" oid="4E05DC6C-EC9C-D361-DA39-DF757E7C5AEA" otype="Relation" vid_source="E2B2D964-4E5A-FD37-9445-5A260DC0CA3D" vid_target="B0FF3AA2-1CFA-3B08-8D34-3E74AE5A1647">
<hideElementsInCurrentOnly>false</hideElementsInCurrentOnly>
<backgroundColor>-16777216</backgroundColor>
<lineWidth>1</lineWidth>
<points>
<point x="114" y="437"/>
<point x="114" y="328"/>
</points>
</Connector>
<Connector class="oracle.dbtools.crest.swingui.logical.TVRelation" oid="6454255C-FD96-16AA-AEBD-DC52952C57F4" otype="Relation" vid_source="B0FF3AA2-1CFA-3B08-8D34-3E74AE5A1647" vid_target="E2B2D964-4E5A-FD37-9445-5A260DC0CA3D">
<hideElementsInCurrentOnly>false</hideElementsInCurrentOnly>
<backgroundColor>-16777216</backgroundColor>
<lineWidth>1</lineWidth>
<points>
<point x="99" y="328"/>
<point x="99" y="437"/>
</points>
</Connector>
<Connector class="oracle.dbtools.crest.swingui.logical.TVRelation" oid="739FE6D5-6718-2006-F464-E999387BA57C" otype="Relation" vid_source="0B59BA93-6DE4-0C7A-45FC-136F1FDBBEB0" vid_target="E9146E5A-3012-6A4B-1CAB-DFAAEF2AB4DB">
<hideElementsInCurrentOnly>false</hideElementsInCurrentOnly>
<backgroundColor>-16777216</backgroundColor>
<lineWidth>1</lineWidth>
<points>
<point x="507" y="269"/>
<point x="637" y="346"/>
</points>
</Connector>
<Connector class="oracle.dbtools.crest.swingui.logical.TVRelation" oid="92AD81CD-A753-500E-EDFD-E0863DF93ED3" otype="Relation" vid_source="0B59BA93-6DE4-0C7A-45FC-136F1FDBBEB0" vid_target="C759943F-978F-CBD5-3651-8E1AA681BA3B">
<hideElementsInCurrentOnly>false</hideElementsInCurrentOnly>
<backgroundColor>-16777216</backgroundColor>
<lineWidth>1</lineWidth>
<points>
<point x="459" y="298"/>
<point x="459" y="343"/>
</points>
</Connector>
<Connector class="oracle.dbtools.crest.swingui.logical.TVRelation" oid="AB6C49DB-CE7D-E2CB-E5DD-1D4CA63A1EB3" otype="Relation" vid_source="0B59BA93-6DE4-0C7A-45FC-136F1FDBBEB0" vid_target="C0E488ED-DD2B-CCC4-3ABA-1093919B54FC">
<hideElementsInCurrentOnly>false</hideElementsInCurrentOnly>
<backgroundColor>-16777216</backgroundColor>
<lineWidth>1</lineWidth>
<points>
<point x="451" y="175"/>
<point x="451" y="132"/>
</points>
</Connector>
<Connector class="oracle.dbtools.crest.swingui.logical.TVRelation" oid="B0DF74D3-4B79-6682-C943-EE25971F40D8" otype="Relation" vid_source="B0FF3AA2-1CFA-3B08-8D34-3E74AE5A1647" vid_target="B086427E-95BC-7BB2-51FC-F43D14B872E8">
<hideElementsInCurrentOnly>false</hideElementsInCurrentOnly>
<backgroundColor>-16777216</backgroundColor>
<lineWidth>1</lineWidth>
<points>
<point x="160" y="312"/>
<point x="344" y="434"/>
</points>
</Connector>
<Connector class="oracle.dbtools.crest.swingui.logical.TVRelation" oid="DAF673CF-FE82-43F1-B754-8CF50368AC99" otype="Relation" vid_source="0B59BA93-6DE4-0C7A-45FC-136F1FDBBEB0" vid_target="25F25458-1C07-8B29-D548-B351E11B5EBA">
<hideElementsInCurrentOnly>false</hideElementsInCurrentOnly>
<backgroundColor>-16777216</backgroundColor>
<lineWidth>1</lineWidth>
<points>
<point x="507" y="209"/>
<point x="662" y="209"/>
</points>
</Connector>
<Connector class="oracle.dbtools.crest.swingui.logical.TVRelation" oid="ECA4E59D-5BFD-33FE-1CDF-996B9EA83FC8" otype="Relation" vid_source="0B59BA93-6DE4-0C7A-45FC-136F1FDBBEB0" vid_target="B0FF3AA2-1CFA-3B08-8D34-3E74AE5A1647">
<hideElementsInCurrentOnly>false</hideElementsInCurrentOnly>
<backgroundColor>-16777216</backgroundColor>
<lineWidth>1</lineWidth>
<points>
<point x="396" y="272"/>
<point x="160" y="272"/>
</points>
</Connector>
<Connector class="oracle.dbtools.crest.swingui.logical.TVRelation" oid="F44E3AEF-6039-4B78-3478-611D2F681814" otype="Relation" vid_source="6F7C87BF-307B-8EFB-5A7D-70A209C2FA65" vid_target="B0FF3AA2-1CFA-3B08-8D34-3E74AE5A1647">
<hideElementsInCurrentOnly>false</hideElementsInCurrentOnly>
<backgroundColor>-16777216</backgroundColor>
<lineWidth>1</lineWidth>
<points>
<point x="99" y="152"/>
<point x="99" y="217"/>
</points>
</Connector>
<Connector class="oracle.dbtools.crest.swingui.logical.TVRelation" oid="F6BB75B2-C03B-225A-7F63-AC466797381D" otype="Relation" vid_source="C0E488ED-DD2B-CCC4-3ABA-1093919B54FC" vid_target="6F7C87BF-307B-8EFB-5A7D-70A209C2FA65">
<hideElementsInCurrentOnly>false</hideElementsInCurrentOnly>
<backgroundColor>-16777216</backgroundColor>
<lineWidth>1</lineWidth>
<points>
<point x="379" y="73"/>
<point x="172" y="73"/>
</points>
</Connector>
<Connector class="oracle.dbtools.crest.swingui.logical.TVRelation" oid="FF8B2881-9947-8F9C-355C-BE88A2193B4E" otype="Relation" vid_source="6F7C87BF-307B-8EFB-5A7D-70A209C2FA65" vid_target="72B9E971-C9F9-C061-1E34-2DC1BB7E5444">
<hideElementsInCurrentOnly>false</hideElementsInCurrentOnly>
<backgroundColor>-16777216</backgroundColor>
<lineWidth>1</lineWidth>
<points>
<point x="172" y="139"/>
<point x="222" y="139"/>
</points>
</Connector>
</connectors>
</Diagram>